candle_end_time,open,high,low,close,amount,info
2014-10-17,6118.980,6140.120,5943.590,6058.670,97125862.000,
2014-10-20,6068.780,6154.690,6068.520,6154.520,79024982.000,
2014-10-21,6153.020,6176.070,6097.370,6103.010,79548408.000,
2014-10-22,6102.460,6131.890,6024.400,6027.510,73558799.000,
2014-10-23,6009.840,6032.610,5899.890,5930.480,74296958.000,
2014-10-24,5930.570,5980.340,5917.560,5941.930,59431259.000,
2014-10-27,5927.150,6007.160,5899.770,6006.840,61642426.000,
2014-10-28,6021.650,6163.670,6021.640,6163.670,84583163.000,
2014-10-29,6179.460,6269.960,6179.160,6246.700,111427173.000,
2014-10-30,6248.470,6284.700,6222.810,6241.590,103958948.000,
2014-10-31,6242.840,6261.710,6158.800,6208.610,92561304.000,
2014-11-03,6217.100,6276.230,6216.880,6275.990,91731125.000,
2014-11-04,6275.000,6280.830,6207.400,6231.820,89067834.000,
2014-11-05,6222.940,6241.070,6188.340,6227.250,78088754.000,
2014-11-06,6223.080,6289.830,6201.270,6289.190,76807817.000,
2014-11-07,6297.350,6319.080,6204.810,6228.170,91712220.000,
2014-11-10,6236.190,6247.720,6196.990,6246.610,77106878.000,
2014-11-11,6252.390,6253.220,5973.740,6023.000,101830341.000,
2014-11-12,6005.860,6120.250,5992.900,6120.060,66379154.000,
2014-11-13,6116.980,6117.100,5987.000,6023.780,83136020.000,
2014-11-14,6002.050,6024.370,5965.810,6009.450,61066376.000,
2014-11-17,6016.540,6118.010,5992.800,6100.830,64869968.000,
2014-11-18,6095.870,6139.760,6094.600,6139.520,63801908.000,
2014-11-19,6134.370,6206.810,6134.050,6193.560,71495027.000,
2014-11-20,6174.890,6189.440,6158.340,6185.920,65048454.000,
2014-11-21,6183.470,6240.780,6183.330,6240.770,71436627.000,
2014-11-24,6281.560,6304.450,6253.740,6293.020,96363989.000,
2014-11-25,6295.680,6392.800,6290.370,6392.440,101629030.000,
2014-11-26,6400.590,6435.330,6381.890,6435.140,108408198.000,
2014-11-27,6450.510,6472.790,6420.730,6472.590,113636694.000,
2014-11-28,6476.570,6499.200,6419.200,6478.110,118216945.000,
2014-12-01,6478.000,6478.000,6360.930,6392.460,106276380.000,
2014-12-02,6385.950,6466.690,6382.650,6457.560,97590434.000,
2014-12-03,6465.460,6514.310,6393.730,6513.960,131922968.000,
2014-12-04,6517.680,6608.230,6515.230,6605.320,135021971.000,
2014-12-05,6612.190,6612.190,6294.190,6462.090,149610293.000,
2014-12-08,6445.510,6494.320,6390.900,6457.510,129043526.000,
2014-12-09,6435.570,6435.670,6153.780,6161.370,158101979.000,
2014-12-10,6137.270,6367.070,6111.760,6366.810,102951530.000,
2014-12-11,6361.340,6463.720,6335.850,6463.320,111619808.000,
2014-12-12,6469.270,6549.420,6455.970,6545.190,104460717.000,
2014-12-15,6528.870,6664.250,6510.360,6658.150,114471533.000,
2014-12-16,6663.470,6678.410,6590.840,6635.250,106863793.000,
2014-12-17,6613.970,6613.970,6494.310,6551.120,110482238.000,
2014-12-18,6538.880,6581.060,6529.340,6540.880,88667391.000,
2014-12-19,6524.550,6524.760,6346.300,6438.040,100389366.000,
2014-12-22,6406.510,6406.550,6097.910,6120.580,116794188.000,
2014-12-23,6087.270,6153.650,6012.570,6023.370,74189417.000,
2014-12-24,6045.090,6155.290,6045.090,6154.880,68493930.000,
2014-12-25,6166.470,6222.650,6159.040,6222.510,68349427.000,
2014-12-26,6218.910,6233.960,6196.220,6233.940,78209171.000,
2014-12-29,6222.940,6222.940,6068.540,6098.980,91938614.000,
2014-12-30,6083.960,6088.870,5967.820,5982.640,79477247.000,
2014-12-31,5981.120,6027.520,5945.720,6027.520,70597816.000,
2015-01-05,6025.750,6052.440,5948.270,6049.790,94805191.000,
2015-01-06,6021.450,6172.640,5986.400,6172.390,93992033.000,
2015-01-07,6161.480,6171.150,6118.140,6166.770,80620124.000,
2015-01-08,6161.550,6211.460,6126.970,6164.110,81315646.000,
2015-01-09,6148.110,6214.290,6128.010,6128.010,73267839.000,
2015-01-12,6098.810,6102.440,6033.710,6062.280,66088789.000,
2015-01-13,6059.380,6167.350,6058.600,6167.120,60714313.000,
2015-01-14,6167.750,6170.910,6114.240,6139.290,58690608.000,
2015-01-15,6136.560,6177.050,6136.100,6168.660,54697305.000,
2015-01-16,6172.960,6252.140,6169.050,6252.080,68559022.000,
2015-01-19,6133.540,6296.610,6033.880,6109.290,93416976.000,
2015-01-20,6135.610,6336.710,6135.610,6336.630,86835549.000,
2015-01-21,6358.020,6465.830,6357.680,6465.730,103809604.000,
2015-01-22,6472.170,6569.900,6466.650,6568.640,103663936.000,
2015-01-23,6576.980,6577.380,6481.210,6502.070,104475111.000,
2015-01-26,6508.730,6642.720,6508.090,6642.610,98178613.000,
2015-01-27,6652.210,6694.820,6582.440,6693.810,109774966.000,
2015-01-28,6680.080,6725.670,6649.190,6666.260,93994268.000,
2015-01-29,6620.230,6661.730,6594.440,6625.000,76681462.000,
2015-01-30,6629.280,6655.600,6546.140,6546.600,82176298.000,
2015-02-02,6485.150,6567.400,6449.570,6535.900,68269625.000,
2015-02-03,6547.750,6661.890,6547.620,6654.550,76220862.000,
2015-02-04,6665.880,6692.310,6645.190,6653.340,79437504.000,
2015-02-05,6685.760,6729.510,6649.220,6654.080,90406834.000,
2015-02-06,6637.540,6658.950,6503.590,6526.950,79270860.000,
2015-02-09,6508.380,6541.720,6458.180,6474.820,57602370.000,
2015-02-10,6468.520,6556.070,6458.430,6555.820,51108336.000,
2015-02-11,6563.870,6645.980,6563.730,6645.510,60970632.000,
2015-02-12,6652.560,6707.650,6652.470,6703.810,67541873.000,
2015-02-13,6732.300,6824.590,6731.720,6815.850,87051568.000,
2015-02-16,6831.260,6965.460,6831.080,6965.300,87515654.000,
2015-02-17,6987.390,7020.200,6948.220,7020.050,82909248.000,
2015-02-25,7037.960,7060.070,6984.170,7004.670,84447188.000,
2015-02-26,7001.180,7045.530,6967.940,7045.270,90364869.000,
2015-02-27,7045.790,7142.260,7042.140,7141.890,100041339.000,
2015-03-02,7187.530,7317.870,7172.750,7317.680,130745604.000,
2015-03-03,7306.440,7386.820,7272.460,7282.110,141157279.000,
2015-03-04,7277.540,7411.270,7277.540,7411.030,120372109.000,
2015-03-05,7417.530,7451.240,7375.110,7450.910,125691364.000,
2015-03-06,7454.920,7467.430,7330.450,7338.400,114322835.000,
2015-03-09,7314.930,7450.820,7284.730,7450.820,100410773.000,
2015-03-10,7460.610,7577.370,7458.680,7566.480,109149118.000,
2015-03-11,7573.260,7573.750,7538.490,7566.310,109467191.000,
2015-03-12,7566.490,7592.530,7455.080,7514.440,110024337.000,
2015-03-13,7530.210,7649.760,7530.210,7649.350,97658951.000,
2015-03-16,7707.400,7903.620,7706.950,7903.360,144325531.000,
2015-03-17,7946.130,8031.470,7896.750,7993.240,171200489.000,
2015-03-18,7992.920,8150.960,7968.120,8150.950,164707604.000,
2015-03-19,8149.480,8217.380,8103.790,8216.620,168089569.000,
2015-03-20,8216.300,8336.830,8213.720,8318.830,153792550.000,
2015-03-23,8360.920,8560.760,8360.920,8560.440,178375850.000,
2015-03-24,8593.780,8665.250,8319.360,8655.380,211379800.000,
2015-03-25,8662.770,8834.250,8604.240,8784.910,182163305.000,
2015-03-26,8730.360,8786.740,8523.360,8611.860,172182140.000,
2015-03-27,8586.403,8715.285,8715.285,8710.291,131913472.000,
2015-03-30,8721.210,8758.750,8663.830,8719.220,156089903.000,
2015-03-31,8734.950,8859.420,8676.630,8780.740,156648225.000,
2015-04-01,8785.120,9015.010,8782.130,9008.200,149793978.000,
2015-04-02,9061.500,9238.350,9061.500,9238.050,178430172.000,
2015-04-03,9204.840,9422.840,9159.570,9419.200,176106329.000,
2015-04-07,9457.740,9600.830,9457.650,9600.720,180856036.000,
2015-04-08,9625.210,9628.230,9264.540,9455.590,187491504.000,
2015-04-09,9446.680,9446.680,8988.710,9369.660,174096974.000,
2015-04-10,9325.420,9621.500,9276.950,9600.400,147301783.000,
2015-04-13,9652.530,9838.880,9616.390,9813.600,171137997.000,
2015-04-14,9830.530,9926.390,9741.700,9830.060,175412073.000,
2015-04-15,9800.640,9800.640,9434.620,9441.190,157667548.000,
2015-04-16,9319.960,9654.160,9209.410,9541.770,135211844.000,
2015-04-17,9612.730,9663.930,9526.090,9567.700,161823147.000,
2015-04-20,9541.260,9591.210,9317.300,9353.610,175439660.000,
2015-04-21,9364.310,9716.610,9362.870,9716.350,151818225.000,
2015-04-22,9798.160,9995.600,9798.160,9995.260,180965492.000,
2015-04-23,10035.430,10157.040,9977.370,10105.270,188557277.000,
2015-04-24,9990.330,10153.960,9909.480,10123.910,174194274.000,
2015-04-27,10202.030,10297.100,10093.250,10174.900,172488850.000,
2015-04-28,10184.260,10184.260,9744.380,9847.890,169266059.000,
2015-04-29,9817.450,10111.910,9792.640,10107.400,134623435.000,
2015-04-30,10156.360,10298.490,10155.190,10180.490,140745122.000,
2015-05-04,10206.210,10281.710,10085.330,10270.130,132156751.000,
2015-05-05,10273.570,10286.560,9950.570,10007.270,148578165.000,
2015-05-06,10032.050,10264.640,9913.610,9973.990,133198975.000,
2015-05-07,9934.930,9989.860,9789.180,9806.510,113428136.000,
2015-05-08,9913.850,10274.580,9913.850,10274.380,127807094.000,
2015-05-11,10424.970,10772.060,10386.630,10771.620,160409623.000,
2015-05-12,10871.480,11051.870,10782.200,11051.430,178092914.000,
2015-05-13,10969.330,11259.270,10834.980,11137.300,176980538.000,
2015-05-14,11158.420,11272.840,11093.570,11211.100,169815190.000,
2015-05-15,11165.970,11316.890,11000.630,11217.930,160382705.000,
2015-05-18,11234.720,11557.170,11222.200,11542.280,152855850.000,
2015-05-19,11624.300,11837.650,11525.340,11831.360,162963109.000,
2015-05-20,11912.380,12321.410,11909.240,12132.370,198115217.000,
2015-05-21,12214.480,12586.640,12213.730,12586.050,191956135.000,
2015-05-22,12782.050,12848.230,12386.940,12687.290,228746994.000,
2015-05-25,12513.180,12894.440,12408.100,12877.870,222812989.000,
2015-05-26,12962.670,13402.180,12960.290,13401.310,228034571.000,
2015-05-27,13484.770,13642.140,13174.120,13582.550,230412223.000,
2015-05-28,13610.780,13806.210,12816.460,12818.990,256655917.000,
2015-05-29,12775.090,13250.950,12237.600,13027.210,210025558.000,
2015-06-01,13146.120,13691.600,13146.070,13691.170,188014377.000,
2015-06-02,13805.720,14277.330,13763.640,14276.320,212235506.000,
2015-06-03,14381.020,14461.290,13928.160,14356.600,216560312.000,
2015-06-04,14366.780,14424.360,13459.880,14308.650,203077082.000,
2015-06-05,14513.110,14656.250,14174.180,14465.750,228745894.000,
2015-06-08,14445.110,14445.110,13967.370,14099.730,213782197.000,
2015-06-09,14018.540,14217.840,13899.360,14106.230,169875376.000,
2015-06-10,14047.110,14596.060,13918.590,14461.810,179123587.000,
2015-06-11,14486.940,14769.590,14478.840,14768.880,185505153.000,
2015-06-12,14844.620,15086.440,14825.280,15006.340,205350949.000,
2015-06-15,15050.580,15076.490,14675.210,14707.780,222763962.000,
2015-06-16,14514.850,14514.850,13981.680,14102.220,192589672.000,
2015-06-17,14061.980,14446.510,13603.850,14407.310,180359316.000,
2015-06-18,14392.320,14499.870,13894.260,13934.210,169696188.000,
2015-06-19,13564.220,13688.940,12999.070,13024.720,150201723.000,
2015-06-23,12955.750,13131.650,12168.350,13047.020,156528854.000,
2015-06-24,13176.060,13382.760,12935.570,13313.790,165156313.000,
2015-06-25,13357.210,13361.770,12585.360,12760.480,172863828.000,
2015-06-26,12309.800,12311.040,11710.780,11730.750,147403220.000,
2015-06-29,11923.420,11933.720,10787.160,10906.040,182273836.000,
2015-06-30,10543.230,11389.190,10110.660,11381.470,216880947.000,
2015-07-01,11264.870,11641.030,10685.370,10734.010,190361495.000,
2015-07-02,10626.730,10696.420,9959.560,10002.360,169217315.000,
2015-07-03,9545.270,10055.570,9282.590,9358.730,164507669.000,
2015-07-06,9943.960,9943.960,8755.040,8858.910,202661177.000,
2015-07-07,8517.290,8528.500,8352.940,8356.130,78383269.000,
2015-07-08,8057.110,8128.540,8056.460,8114.600,78507679.000,
2015-07-09,7951.430,8349.730,7951.430,8348.880,134135907.000,
2015-07-10,8488.350,8621.390,8478.260,8620.270,82269987.000,
2015-07-13,8930.790,9034.350,8879.570,9032.560,132737568.000,
2015-07-14,9311.510,9501.080,9236.840,9338.170,186540095.000,
2015-07-15,9424.220,9424.220,8918.930,8942.910,214098523.000,
2015-07-16,8615.930,9241.730,8470.130,9041.230,202674478.000,
2015-07-17,9087.160,9588.170,9078.860,9541.260,187982797.000,
2015-07-20,9657.620,9940.920,9579.160,9839.920,230396091.000,
2015-07-21,9762.600,10139.150,9652.930,10062.890,208161377.000,
2015-07-22,10082.960,10270.110,9923.160,10228.860,220861144.000,
2015-07-23,10251.560,10585.680,10197.660,10553.220,235207444.000,
2015-07-24,10579.160,10782.590,10351.930,10449.750,258806921.000,
2015-07-27,10235.630,10556.480,9716.970,9719.550,227179702.000,
2015-07-28,9125.960,9769.620,9036.620,9284.540,219787329.000,
2015-07-29,9435.390,9727.530,9019.910,9727.230,186331068.000,
2015-07-30,9679.100,9910.540,9422.040,9460.730,201168533.000,
2015-07-31,9283.380,9512.490,9081.720,9223.640,149505420.000,
2015-08-03,9076.070,9109.280,8656.510,8723.590,146175146.000,
2015-08-04,8720.240,9265.350,8720.240,9265.220,166394678.000,
2015-08-05,9285.290,9465.780,9131.800,9240.880,188591006.000,
2015-08-06,9025.670,9331.650,8996.410,9229.350,143823184.000,
2015-08-07,9321.990,9585.510,9319.250,9585.140,185532771.000,
2015-08-10,9704.080,10133.760,9680.440,10077.940,224007088.000,
2015-08-11,10093.880,10300.820,10050.240,10153.710,242343252.000,
2015-08-12,10053.470,10227.340,10003.360,10005.930,202560432.000,
2015-08-13,9946.410,10309.770,9893.160,10308.790,204653227.000,
2015-08-14,10400.500,10505.920,10295.330,10377.980,234011253.000,
2015-08-17,10339.260,10563.510,10267.230,10563.130,223077746.000,
2015-08-18,10582.230,10603.360,9781.750,9806.700,257015167.000,
2015-08-19,9442.910,10118.270,9224.170,10057.840,229399080.000,
2015-08-20,9947.820,10149.460,9734.620,9739.920,198712421.000,
2015-08-21,9531.920,9661.600,9159.430,9208.150,168873775.000,
2015-08-24,8782.490,8833.710,8505.740,8506.720,109304976.000,
2015-08-25,7889.780,8073.070,7878.480,7882.110,112860368.000,
2015-08-26,7836.280,8103.100,7457.890,7543.780,201157358.000,
2015-08-27,7666.500,7794.850,7370.210,7793.540,165206427.000,
2015-08-28,7912.790,8271.600,7861.960,8270.960,188872573.000,
2015-08-31,8222.530,8222.530,7950.100,7950.460,161855872.000,
2015-09-01,7848.660,7848.660,7433.890,7441.340,135520184.000,
2015-09-02,7072.790,7619.510,7057.550,7129.970,142113580.000,
2015-09-07,7243.440,7465.770,7219.470,7291.470,130831510.000,
2015-09-08,7247.570,7660.610,7204.360,7651.500,127749654.000,
2015-09-09,7716.550,7980.590,7697.810,7956.730,189523444.000,
2015-09-10,7831.500,7999.540,7798.750,7843.000,146584420.000,
2015-09-11,7826.740,7975.510,7808.480,7952.140,129061754.000,
2015-09-14,7997.340,8022.060,7391.900,7412.300,157164423.000,
2015-09-15,7183.330,7352.000,7008.990,7034.900,128426049.000,
2015-09-16,7062.840,7517.620,7049.420,7500.610,145459062.000,
2015-09-17,7516.360,7771.460,7428.570,7428.640,179202581.000,
2015-09-18,7484.280,7599.360,7386.120,7556.200,127467527.000,
2015-09-21,7453.170,7850.810,7430.940,7847.880,146572488.000,
2015-09-22,7868.640,7974.880,7765.780,7880.840,168127746.000,
2015-09-23,7734.280,7924.520,7716.130,7824.070,146837149.000,
2015-09-24,7856.020,7951.790,7814.340,7928.830,143692058.000,
2015-09-25,7877.920,7934.520,7585.150,7640.170,146334824.000,
2015-09-28,7643.160,7841.220,7536.820,7839.620,108647169.000,
2015-09-29,7702.650,7824.230,7658.200,7720.680,111153312.000,
2015-09-30,7753.350,7794.640,7642.700,7727.510,95677235.000,
2015-10-08,7961.000,8099.150,7902.550,8056.280,140742785.000,
2015-10-09,8045.770,8213.560,8028.610,8180.400,155003131.000,
2015-10-12,8226.550,8590.910,8225.240,8522.630,209461900.000,
2015-10-13,8447.740,8672.870,8420.640,8651.050,189675916.000,
2015-10-14,8610.350,8682.820,8515.650,8534.730,186002676.000,
2015-10-15,8476.310,8808.900,8476.310,8808.460,194661645.000,
2015-10-16,8866.790,8948.620,8742.430,8943.020,228040227.000,
2015-10-19,8961.660,9008.610,8806.430,8935.390,221277634.000,
2015-10-20,8915.870,9117.300,8891.940,9116.540,203106482.000,
2015-10-21,9116.480,9157.920,8515.130,8541.610,258802567.000,
2015-10-22,8531.690,8901.220,8525.980,8894.760,203631358.000,
2015-10-23,8977.880,9220.980,8942.330,9182.550,228775169.000,
2015-10-26,9296.190,9347.640,9126.580,9262.890,242221817.000,
2015-10-27,9183.790,9398.740,8882.220,9345.970,222131674.000,
2015-10-28,9277.730,9406.350,9091.560,9131.870,205456498.000,
2015-10-29,9197.470,9320.230,9058.940,9214.590,176350290.000,
2015-10-30,9183.490,9332.910,9031.780,9188.270,184262793.000,
2015-11-02,8946.880,9236.420,8915.770,8944.680,168322277.000,
2015-11-03,8963.770,9033.580,8837.320,8924.420,140358089.000,
2015-11-04,8973.160,9396.990,8973.160,9396.840,204045838.000,
2015-11-05,9416.490,9525.220,9295.370,9391.450,245075764.000,
2015-11-06,9396.090,9640.440,9395.730,9629.280,216520262.000,
2015-11-09,9560.540,9861.110,9473.460,9816.030,236496323.000,
2015-11-10,9770.130,9958.150,9739.170,9911.240,235822028.000,
2015-11-11,9910.120,10106.020,9873.240,10100.510,223200520.000,
2015-11-12,10137.460,10223.710,9990.760,10135.080,230272673.000,
2015-11-13,10030.150,10102.650,9813.030,9934.770,220846360.000,
2015-11-16,9749.110,10195.720,9736.480,10194.780,182064082.000,
2015-11-17,10308.230,10361.300,10088.030,10109.400,235707297.000,
2015-11-18,10116.710,10203.400,9902.830,9928.660,178331593.000,
2015-11-19,9954.660,10235.830,9944.380,10235.350,172873938.000,
2015-11-20,10272.350,10477.220,10265.660,10440.350,220410689.000,
2015-11-23,10447.810,10546.740,10297.140,10341.420,229338424.000,
2015-11-24,10324.040,10460.350,10204.420,10459.600,168607354.000,
2015-11-25,10470.930,10707.770,10468.340,10696.310,201271485.000,
2015-11-26,10745.060,10772.620,10595.100,10620.830,214649939.000,
2015-11-27,10560.390,10619.710,9859.020,9933.500,222809138.000,
2015-11-30,9935.400,10058.660,9406.720,10001.190,197454471.000,
2015-12-01,9985.790,10101.510,9832.260,9955.210,164580513.000,
2015-12-02,9928.270,9954.860,9506.100,9822.050,148946435.000,
2015-12-03,9833.300,10103.480,9832.950,10102.890,146324450.000,
2015-12-04,10073.670,10199.950,9996.290,10081.570,161440115.000,
2015-12-07,10105.790,10238.790,10038.580,10238.020,151512379.000,
2015-12-08,10189.870,10210.750,10022.620,10057.740,163772258.000,
2015-12-09,10002.730,10111.560,9945.790,10034.190,142173279.000,
2015-12-10,10024.190,10145.990,10008.740,10035.450,140759649.000,
2015-12-11,10003.760,10043.540,9915.110,9946.120,124486374.000,
2015-12-14,9845.070,10119.680,9829.340,10118.900,118085397.000,
2015-12-15,10137.460,10312.420,10136.870,10278.470,131733827.000,
2015-12-16,10319.560,10438.450,10314.860,10374.230,141451444.000,
2015-12-17,10436.800,10680.390,10436.800,10679.960,186572135.000,
2015-12-18,10678.370,10721.660,10562.680,10629.970,173091610.000,
2015-12-21,10596.410,10712.040,10579.920,10699.610,159785363.000,
2015-12-22,10724.020,10809.840,10652.010,10809.240,153991000.000,
2015-12-23,10817.280,10828.970,10613.430,10638.160,169423349.000,
2015-12-24,10600.470,10662.430,10413.920,10633.190,129950765.000,
2015-12-25,10651.660,10760.150,10645.440,10726.990,123800665.000,
2015-12-28,10765.910,10859.830,10515.360,10515.360,169848140.000,
2015-12-29,10499.500,10654.420,10406.060,10653.710,129304324.000,
2015-12-30,10678.110,10813.020,10661.280,10806.700,139096428.000,
2015-12-31,10810.350,10839.040,10614.380,10614.380,129979474.000,
2016-01-04,10598.270,10602.650,9695.820,9697.190,117304144.000,
2016-01-05,9140.670,9680.160,9084.870,9452.040,168628044.000,
2016-01-06,9511.730,9710.120,9404.070,9709.570,139630139.000,
2016-01-07,9511.140,9511.140,8850.150,8856.490,40495428.000,
2016-01-08,9049.770,9141.570,8404.500,8876.250,156924299.000,
2016-01-11,8651.330,8754.360,8203.430,8205.120,143568813.000,
2016-01-12,8164.340,8304.140,7968.750,8187.960,121171242.000,
2016-01-13,8230.080,8311.730,7836.060,7836.120,113177530.000,
2016-01-14,7548.030,8174.310,7534.040,8157.740,122934077.000,
2016-01-15,8092.870,8202.340,7813.260,7868.170,119230953.000,
2016-01-18,7689.660,8158.560,7685.470,8060.880,106505827.000,
2016-01-19,8041.860,8400.600,8018.640,8388.380,127304224.000,
2016-01-20,8328.720,8468.790,8244.730,8321.390,129081048.000,
2016-01-21,8167.950,8410.160,7944.570,7944.570,120472896.000,
2016-01-22,8036.320,8115.400,7787.620,8074.290,101116759.000,
2016-01-25,8153.350,8256.160,8076.400,8180.500,96248174.000,
2016-01-26,8071.360,8093.240,7526.590,7545.540,120673951.000,
2016-01-27,7557.460,7585.830,7047.790,7466.750,124251577.000,
2016-01-28,7344.020,7438.690,7067.550,7100.900,96362166.000,
2016-01-29,7071.750,7459.370,7037.830,7385.760,102285179.000,
2016-02-01,7358.750,7420.480,7163.910,7292.610,86843686.000,
2016-02-02,7296.220,7600.080,7295.800,7576.070,97978432.000,
2016-02-03,7480.300,7665.650,7428.900,7630.460,94483564.000,
2016-02-04,7661.650,7839.280,7661.650,7807.400,108295716.000,
2016-02-05,7828.610,7856.730,7716.210,7718.710,86297862.000,
2016-02-15,7434.270,7772.490,7432.400,7726.370,78794684.000,
2016-02-16,7767.030,8088.710,7767.030,8069.590,115565925.000,
2016-02-17,8060.910,8214.940,8010.820,8202.150,129697950.000,
2016-02-18,8256.950,8282.910,8155.080,8176.140,134063477.000,
2016-02-19,8146.060,8289.210,8133.500,8239.260,112787021.000,
2016-02-22,8350.280,8407.880,8303.210,8407.850,133158051.000,
2016-02-23,8414.670,8437.160,8230.980,8357.360,130530937.000,
2016-02-24,8316.830,8399.430,8161.000,8364.660,136094745.000,
2016-02-25,8340.460,8340.590,7673.220,7702.590,157436163.000,
2016-02-26,7750.730,7799.290,7487.270,7666.820,121574171.000,
2016-02-29,7614.160,7614.160,7113.070,7183.680,115344403.000,
2016-03-01,7183.110,7402.310,7038.610,7345.090,115563408.000,
2016-03-02,7324.490,7724.300,7323.370,7711.890,147164819.000,
2016-03-03,7711.300,7875.950,7693.900,7727.160,157062423.000,
2016-03-04,7684.920,7735.550,7321.560,7418.800,141152405.000,
2016-03-07,7494.040,7670.960,7494.040,7600.440,110951408.000,
2016-03-08,7585.860,7670.990,7276.670,7670.690,131822526.000,
2016-03-09,7486.950,7634.000,7430.430,7500.170,101761865.000,
2016-03-10,7503.420,7568.240,7364.290,7376.700,87401499.000,
2016-03-11,7284.950,7401.510,7239.560,7349.570,75245882.000,
2016-03-14,7441.090,7715.640,7441.040,7640.130,120335729.000,
2016-03-15,7612.970,7668.850,7537.790,7571.820,99636094.000,
2016-03-16,7633.750,7659.050,7426.950,7484.230,91359384.000,
2016-03-17,7514.680,7795.710,7514.580,7779.880,133550636.000,
2016-03-18,7823.570,8118.710,7820.290,8097.200,181322736.000,
2016-03-21,8206.530,8326.380,8172.850,8325.980,191675070.000,
2016-03-22,8248.530,8387.550,8203.080,8311.210,164074441.000,
2016-03-23,8279.880,8408.950,8262.260,8408.640,146117448.000,
2016-03-24,8324.850,8453.300,8247.290,8279.650,160637356.000,
2016-03-25,8252.420,8353.020,8211.830,8343.240,124555552.000,
2016-03-28,8400.210,8482.570,8266.550,8298.780,142988613.000,
2016-03-29,8274.090,8292.430,8040.760,8119.000,124650562.000,
2016-03-30,8187.450,8439.090,8187.450,8438.680,139635610.000,
2016-03-31,8475.430,8541.460,8414.890,8447.180,150139445.000,
2016-04-01,8399.180,8426.460,8240.870,8389.290,127161059.000,
2016-04-05,8401.340,8642.980,8380.460,8635.670,156308363.000,
2016-04-06,8601.660,8699.520,8579.430,8691.230,159968936.000,
2016-04-07,8715.010,8733.500,8549.510,8549.510,158150556.000,
2016-04-08,8465.830,8511.870,8359.530,8484.170,133415289.000,
2016-04-11,8560.090,8719.220,8560.090,8677.410,143629779.000,
2016-04-12,8664.280,8688.710,8501.040,8608.370,132072149.000,
2016-04-13,8655.190,8831.590,8655.190,8729.840,174063296.000,
2016-04-14,8780.550,8837.440,8711.790,8837.020,139648321.000,
2016-04-15,8840.530,8866.010,8777.970,8841.090,131207613.000,
2016-04-18,8780.460,8780.460,8646.330,8715.850,126184987.000,
2016-04-19,8755.250,8784.330,8678.970,8754.500,112831795.000,
2016-04-20,8784.650,8798.780,8158.820,8312.200,180286506.000,
2016-04-21,8268.020,8382.270,8185.370,8198.510,121190772.000,
2016-04-22,8130.900,8282.900,8112.330,8282.420,95979533.000,
2016-04-25,8246.030,8261.940,8106.070,8232.480,89622024.000,
2016-04-26,8218.470,8343.710,8202.150,8343.420,88430554.000,
2016-04-27,8357.260,8426.830,8307.390,8323.460,102936177.000,
2016-04-28,8319.220,8336.130,8130.930,8303.560,104958785.000,
2016-04-29,8253.480,8340.580,8239.790,8291.700,81485851.000,
2016-05-03,8290.790,8558.580,8256.680,8558.580,115718540.000,
2016-05-04,8526.310,8632.700,8514.490,8565.110,117296052.000,
2016-05-05,8549.330,8631.980,8522.150,8628.740,102759921.000,
2016-05-06,8632.450,8663.070,8275.970,8276.030,146570763.000,
2016-05-09,8180.630,8180.690,7876.170,7918.150,115454407.000,
2016-05-10,7898.650,7961.580,7855.290,7898.660,73811219.000,
2016-05-11,7950.380,7973.600,7800.970,7823.980,81092251.000,
2016-05-12,7706.130,7822.760,7570.920,7821.910,86855484.000,
2016-05-13,7794.620,7902.000,7758.260,7806.960,78814837.000,
2016-05-16,7783.300,7961.430,7744.880,7961.150,83332776.000,
2016-05-17,7964.510,8040.200,7901.180,7961.500,99759675.000,
2016-05-18,7886.250,7886.500,7614.200,7711.950,96022202.000,
2016-05-19,7707.330,7868.720,7707.330,7767.320,85485602.000,
2016-05-20,7699.070,7860.130,7665.860,7860.130,85485430.000,
2016-05-23,7876.120,7995.990,7876.120,7995.580,95304781.000,
2016-05-24,7981.010,7981.220,7852.690,7913.680,86831645.000,
2016-05-25,7965.750,8012.160,7848.520,7889.730,84806900.000,
2016-05-26,7864.030,7929.670,7703.520,7929.470,93572769.000,
2016-05-27,7904.770,7976.510,7879.640,7912.860,84973823.000,
2016-05-30,7863.310,7946.130,7787.460,7867.600,75242813.000,
2016-05-31,7872.310,8197.640,7872.310,8197.560,137392339.000,
2016-06-01,8207.250,8324.090,8202.720,8270.520,144266879.000,
2016-06-02,8261.600,8369.670,8255.960,8369.430,133157989.000,
2016-06-03,8370.790,8442.900,8336.960,8391.760,140387635.000,
2016-06-06,8418.340,8443.570,8359.020,8422.470,117501278.000,
2016-06-07,8421.610,8439.140,8363.410,8434.670,110744225.000,
2016-06-08,8417.750,8481.650,8340.900,8431.890,114686485.000,
2016-06-13,8307.190,8387.420,8000.650,8000.820,137074807.000,
2016-06-14,7957.930,8053.540,7931.230,8038.590,96775234.000,
2016-06-15,7948.180,8369.940,7936.620,8340.540,135462801.000,
2016-06-16,8339.820,8421.330,8314.980,8358.030,144450018.000,
2016-06-17,8374.070,8480.650,8338.730,8414.510,141419118.000,
2016-06-20,8417.360,8476.470,8330.670,8457.930,120792726.000,
2016-06-21,8510.750,8552.660,8305.550,8350.760,135449442.000,
2016-06-22,8323.880,8513.930,8316.100,8513.540,117220450.000,
2016-06-23,8510.840,8547.390,8424.910,8495.780,132779327.000,
2016-06-24,8477.030,8547.680,8153.160,8428.820,162435643.000,
2016-06-27,8360.520,8646.370,8358.340,8646.160,139794183.000,
2016-06-28,8616.070,8737.820,8599.850,8730.200,158998677.000,
2016-06-29,8758.700,8784.950,8704.350,8745.820,153125293.000,
2016-06-30,8753.850,8776.240,8692.260,8741.100,134709876.000,
2016-07-01,8747.790,8779.630,8680.080,8710.520,121163473.000,
2016-07-04,8661.270,8882.850,8653.860,8874.070,145919710.000,
2016-07-05,8886.510,8925.090,8839.940,8914.840,158076817.000,
2016-07-06,8885.330,8957.580,8862.760,8947.140,145409658.000,
2016-07-07,8942.990,8988.320,8851.300,8954.280,167293291.000,
2016-07-08,8941.490,8996.970,8904.590,8939.260,133166210.000,
2016-07-11,8953.870,9004.750,8865.590,8875.000,145652840.000,
2016-07-12,8862.370,8943.150,8719.880,8943.060,151324255.000,
2016-07-13,8963.440,9042.070,8926.760,9023.240,153686181.000,
2016-07-14,9011.390,9044.020,8976.520,9042.760,131381190.000,
2016-07-15,9039.880,9048.350,8952.610,8982.890,123145606.000,
2016-07-18,8962.960,8990.290,8881.500,8937.860,119175003.000,
2016-07-19,8928.640,8996.960,8883.770,8996.830,111464506.000,
2016-07-20,8999.110,9044.370,8976.000,8997.890,113691762.000,
2016-07-21,8991.330,9065.690,8964.620,9007.550,123864175.000,
2016-07-22,9002.090,9022.060,8925.940,8931.970,119719642.000,
2016-07-25,8911.940,8969.600,8875.780,8925.340,110849151.000,
2016-07-26,8922.750,9035.880,8922.750,9035.560,108617970.000,
2016-07-27,9037.500,9046.080,8488.960,8602.920,183550034.000,
2016-07-28,8580.090,8636.490,8431.120,8571.560,124905321.000,
2016-07-29,8565.250,8584.640,8457.970,8501.090,93736940.000,
2016-08-01,8462.910,8462.910,8263.360,8363.610,92963396.000,
2016-08-02,8353.420,8446.360,8353.140,8445.780,74035892.000,
2016-08-03,8431.520,8491.260,8412.780,8482.200,90593224.000,
2016-08-04,8474.260,8564.840,8447.360,8553.010,96134386.000,
2016-08-05,8545.860,8571.180,8498.590,8505.360,92599575.000,
2016-08-08,8480.790,8607.450,8426.640,8607.400,94418365.000,
2016-08-09,8601.830,8699.690,8596.790,8699.390,111616974.000,
2016-08-10,8694.380,8725.450,8668.060,8671.780,107888605.000,
2016-08-11,8647.120,8667.250,8531.690,8531.690,101674089.000,
2016-08-12,8515.520,8615.200,8507.650,8615.050,89999874.000,
2016-08-15,8628.630,8821.690,8590.060,8807.830,147277987.000,
2016-08-16,8813.210,8903.490,8812.600,8877.070,139697287.000,
2016-08-17,8867.460,8933.030,8846.320,8911.750,125914786.000,
2016-08-18,8899.190,8942.570,8880.260,8908.320,135852418.000,
2016-08-19,8895.300,8945.170,8864.070,8923.360,113786262.000,
2016-08-22,8921.910,8939.700,8809.220,8810.840,116515710.000,
2016-08-23,8796.500,8847.650,8756.920,8820.210,102217501.000,
2016-08-24,8824.720,8892.080,8815.470,8850.510,96568449.000,
2016-08-25,8799.760,8799.760,8681.190,8784.580,109264243.000,
2016-08-26,8799.490,8883.770,8794.910,8814.460,101766106.000,
2016-08-29,8808.730,8860.040,8798.060,8836.990,92119543.000,
2016-08-30,8842.420,8886.010,8822.250,8838.460,91810803.000,
2016-08-31,8833.210,8844.470,8772.950,8838.380,89379217.000,
2016-09-01,8831.600,8851.750,8770.750,8770.750,98825372.000,
2016-09-02,8750.940,8790.000,8675.920,8724.940,92456764.000,
2016-09-05,8743.740,8804.770,8739.650,8761.960,88919083.000,
2016-09-06,8761.420,8907.170,8689.650,8906.870,115145508.000,
2016-09-07,8908.510,8959.990,8886.790,8897.800,125540068.000,
2016-09-08,8888.010,8939.420,8880.400,8938.430,104444233.000,
2016-09-09,8934.270,8958.510,8872.310,8872.310,108190052.000,
2016-09-12,8705.750,8737.990,8585.870,8587.400,117367564.000,
2016-09-13,8635.580,8664.910,8595.500,8656.680,88810715.000,
2016-09-14,8612.700,8664.100,8579.350,8618.150,85065787.000,
2016-09-19,8630.650,8716.980,8630.650,8716.490,79058353.000,
2016-09-20,8721.380,8724.890,8685.970,8712.280,80607041.000,
2016-09-21,8705.250,8756.130,8704.930,8732.000,76784213.000,
2016-09-22,8779.890,8801.570,8760.150,8770.090,91791037.000,
2016-09-23,8773.900,8781.250,8728.060,8729.610,89465761.000,
2016-09-26,8711.880,8712.230,8544.180,8544.180,96348977.000,
2016-09-27,8521.010,8604.550,8477.800,8604.100,82333482.000,
2016-09-28,8604.240,8613.140,8575.030,8592.130,75728268.000,
2016-09-29,8597.290,8651.210,8597.250,8618.610,76203282.000,
2016-09-30,8607.970,8669.150,8606.380,8661.020,71987186.000,
2016-10-10,8699.710,8843.030,8687.750,8842.820,104310238.000,
2016-10-11,8845.230,8903.880,8834.120,8903.460,104427883.000,
2016-10-12,8879.660,8915.910,8862.010,8915.440,102626587.000,
2016-10-13,8914.560,8952.760,8905.260,8929.510,106486982.000,
2016-10-14,8913.740,8918.770,8845.370,8913.700,102099828.000,
2016-10-17,8922.130,8940.040,8802.800,8832.090,106112258.000,
2016-10-18,8822.790,8966.690,8822.790,8966.690,105622596.000,
2016-10-19,8976.850,8992.070,8926.890,8954.200,108631275.000,
2016-10-20,8957.470,9006.840,8953.290,8995.410,116412953.000,
2016-10-21,8987.240,8991.040,8857.100,8943.010,111821512.000,
2016-10-24,8940.540,9010.230,8918.210,9000.700,111382659.000,
2016-10-25,9003.380,9039.950,9001.110,9039.480,114219919.000,
2016-10-26,9041.930,9042.360,8966.460,9000.760,124162316.000,
2016-10-27,8989.700,8997.860,8956.630,8997.020,101499118.000,
2016-10-28,8988.220,9006.220,8913.060,8914.620,112402190.000,
2016-10-31,8893.290,8920.660,8841.150,8910.510,101155494.000,
2016-11-01,8914.680,9006.790,8914.580,9006.790,106559327.000,
2016-11-02,8990.470,9006.790,8939.550,8946.740,121370925.000,
2016-11-03,8922.040,9055.510,8914.680,9004.850,135517866.000,
2016-11-04,9000.490,9040.350,8960.580,8979.930,119656585.000,
2016-11-07,8981.430,9002.580,8946.760,8975.570,115234303.000,
2016-11-08,8996.910,9042.720,8988.380,9030.730,112032650.000,
2016-11-09,9027.950,9038.980,8853.890,8967.600,143021034.000,
2016-11-10,9028.670,9084.760,9028.670,9083.840,139759125.000,
2016-11-11,9080.440,9121.610,9064.250,9121.510,146580053.000,
2016-11-14,9105.930,9162.300,9093.460,9152.170,147471690.000,
2016-11-15,9152.190,9198.240,9123.280,9197.860,132372898.000,
2016-11-16,9208.490,9236.680,9202.180,9211.950,138225702.000,
2016-11-17,9197.920,9198.090,9131.900,9174.440,118432469.000,
2016-11-18,9176.330,9191.470,9132.730,9146.210,112850683.000,
2016-11-21,9138.060,9181.960,9135.200,9167.490,106921569.000,
2016-11-22,9176.550,9244.550,9174.560,9244.210,117043710.000,
2016-11-23,9250.040,9257.170,9161.520,9180.010,124025602.000,
2016-11-24,9166.580,9185.550,9096.000,9116.570,112366061.000,
2016-11-25,9109.170,9134.820,8957.160,9134.820,109498272.000,
2016-11-28,9148.960,9163.650,9121.580,9133.910,103632039.000,
2016-11-29,9120.590,9132.160,9031.290,9031.290,110035443.000,
2016-11-30,9013.150,9053.170,8983.700,9014.910,93976147.000,
2016-12-01,9021.970,9056.240,9021.970,9055.990,87812641.000,
2016-12-02,9056.010,9060.630,8900.410,8900.410,100572332.000,
2016-12-05,8818.610,8908.110,8793.090,8851.520,83782214.000,
2016-12-06,8865.340,8896.550,8853.910,8871.730,73750645.000,
2016-12-07,8870.300,8969.340,8855.410,8969.140,83649893.000,
2016-12-08,8973.100,8974.180,8908.310,8914.510,85521811.000,
2016-12-09,8903.740,8920.310,8864.070,8881.340,83459736.000,
2016-12-12,8875.590,8879.450,8391.030,8397.480,124182101.000,
2016-12-13,8371.370,8458.320,8299.280,8433.590,90004166.000,
2016-12-14,8416.980,8464.950,8339.600,8378.060,89861967.000,
2016-12-15,8347.610,8516.850,8340.850,8467.710,87825641.000,
2016-12-16,8470.540,8565.790,8466.350,8559.990,87829367.000,
2016-12-19,8554.960,8556.440,8521.120,8551.330,83590215.000,
2016-12-20,8543.870,8561.340,8509.590,8546.190,77659679.000,
2016-12-21,8558.280,8609.670,8558.280,8609.410,81903836.000,
2016-12-22,8602.350,8618.370,8560.970,8607.950,80737036.000,
2016-12-23,8602.670,8609.790,8502.050,8509.360,79636353.000,
2016-12-26,8472.450,8547.250,8380.690,8547.100,76270136.000,
2016-12-27,8541.000,8575.380,8534.150,8555.990,73504220.000,
2016-12-28,8551.220,8568.130,8507.890,8521.380,75672018.000,
2016-12-29,8505.460,8551.190,8484.440,8488.300,70069228.000,
2016-12-30,8487.150,8516.610,8466.740,8490.860,68994180.000,
2017-01-03,8503.660,8565.340,8503.660,8565.140,72674829.000,
2017-01-04,8567.230,8670.160,8554.130,8669.950,94103352.000,
2017-01-05,8665.230,8694.440,8657.740,8670.760,94888573.000,
2017-01-06,8661.690,8666.660,8603.910,8609.900,97656020.000,
2017-01-09,8595.910,8654.130,8578.990,8653.850,89797119.000,
2017-01-10,8646.080,8666.900,8604.120,8609.550,89114428.000,
2017-01-11,8592.750,8619.640,8514.630,8519.840,85553215.000,
2017-01-12,8509.530,8536.590,8433.780,8443.260,79330448.000,
2017-01-13,8434.000,8444.980,8277.790,8286.240,79257182.000,
2017-01-16,8263.200,8263.980,7715.430,7931.960,106208207.000,
2017-01-17,7900.930,8031.990,7808.210,8028.650,77390492.000,
2017-01-18,8009.510,8036.380,7972.290,7989.140,64076272.000,
2017-01-19,7966.470,8000.820,7927.710,7955.390,60107254.000,
2017-01-20,7945.190,8102.390,7944.390,8087.770,65199868.000,
2017-01-23,8100.040,8185.730,8100.040,8169.110,68353735.000,
2017-01-24,8160.780,8163.780,8115.130,8123.590,62916847.000,
2017-01-25,8107.670,8160.440,8099.990,8150.600,54697164.000,
2017-01-26,8157.020,8206.010,8157.020,8205.870,50228165.000,
2017-02-03,8212.410,8217.690,8157.670,8182.280,45388793.000,
2017-02-06,8181.910,8280.010,8175.460,8280.010,64263077.000,
2017-02-07,8271.760,8295.990,8233.800,8282.380,74017381.000,
2017-02-08,8267.790,8342.520,8226.580,8342.430,78238751.000,
2017-02-09,8338.000,8411.140,8330.800,8410.260,91724775.000,
2017-02-10,8404.510,8414.180,8374.530,8380.790,98085517.000,
2017-02-13,8373.750,8433.320,8363.250,8432.960,89710927.000,
2017-02-14,8427.700,8433.140,8399.060,8423.840,84401361.000,
2017-02-15,8415.570,8434.520,8331.360,8344.070,96558303.000,
2017-02-16,8333.810,8401.710,8329.710,8397.560,89653901.000,
2017-02-17,8390.120,8401.070,8307.230,8324.420,99137008.000,
2017-02-20,8318.280,8397.430,8312.560,8397.240,93649509.000,
2017-02-21,8399.040,8479.610,8393.540,8479.610,103682214.000,
2017-02-22,8477.750,8510.420,8457.630,8510.310,104126870.000,
2017-02-23,8507.960,8515.450,8460.440,8512.710,113484936.000,
2017-02-24,8500.700,8544.320,8487.500,8543.450,94768417.000,
2017-02-27,8534.720,8546.620,8470.750,8476.910,90304755.000,
2017-02-28,8470.440,8508.350,8460.480,8508.090,81385427.000,
2017-03-01,8497.890,8548.820,8491.740,8526.470,93476812.000,
2017-03-02,8529.580,8539.110,8467.390,8471.440,90446682.000,
2017-03-03,8450.970,8509.880,8425.380,8505.450,85758079.000,
2017-03-06,8513.210,8608.400,8513.210,8608.150,89786243.000,
2017-03-07,8614.850,8625.520,8574.290,8624.470,94884636.000,
2017-03-08,8622.110,8624.440,8563.960,8589.870,85651452.000,
2017-03-09,8578.890,8579.250,8513.650,8535.560,87844316.000,
2017-03-10,8526.540,8561.520,8519.670,8537.780,75282220.000,
2017-03-13,8529.170,8598.520,8477.700,8598.520,81584816.000,
2017-03-14,8604.770,8618.290,8563.610,8581.710,83475898.000,
2017-03-15,8563.470,8582.900,8540.100,8574.030,82728825.000,
2017-03-16,8582.960,8664.980,8582.960,8664.980,96216896.000,
2017-03-17,8671.520,8704.850,8601.570,8603.870,107253153.000,
2017-03-20,8594.710,8635.080,8569.830,8634.840,92282683.000,
2017-03-21,8629.060,8640.100,8607.660,8639.570,81416937.000,
2017-03-22,8604.610,8625.410,8547.050,8592.510,92984855.000,
2017-03-23,8592.340,8624.070,8500.520,8590.960,100487706.000,
2017-03-24,8583.950,8606.610,8552.680,8602.290,93303695.000,
2017-03-27,8603.230,8611.400,8570.860,8586.910,90339837.000,
2017-03-28,8579.050,8591.840,8546.120,8558.070,83218324.000,
2017-03-29,8555.990,8565.860,8484.740,8488.220,97931194.000,
2017-03-30,8471.240,8473.340,8303.000,8315.040,113802456.000,
2017-03-31,8314.080,8351.420,8291.690,8339.150,89185469.000,
2017-04-05,8369.390,8522.010,8369.390,8522.010,104236897.000,
2017-04-06,8531.200,8557.520,8514.090,8543.660,103718630.000,
2017-04-07,8539.140,8567.800,8523.300,8544.750,104429268.000,
2017-04-10,8522.920,8523.400,8439.310,8449.160,116716199.000,
2017-04-11,8432.470,8514.440,8373.840,8514.440,134251475.000,
2017-04-12,8505.700,8505.920,8439.440,8444.390,126675246.000,
2017-04-13,8429.730,8490.860,8423.300,8470.310,106494465.000,
2017-04-14,8460.640,8463.060,8338.870,8345.650,104302848.000,
2017-04-17,8309.780,8309.780,8183.070,8220.660,92375203.000,
2017-04-18,8216.210,8247.050,8133.050,8136.410,86728419.000,
2017-04-19,8101.800,8101.800,7939.290,8033.500,96674578.000,
2017-04-20,8021.060,8059.110,7925.300,7987.650,80173877.000,
2017-04-21,7984.470,8014.830,7938.320,7945.390,68609374.000,
2017-04-24,7921.420,7921.420,7698.100,7698.280,79123069.000,
2017-04-25,7699.980,7779.670,7691.320,7724.000,69817708.000,
2017-04-26,7721.660,7763.070,7718.760,7751.940,72124687.000,
2017-04-27,7737.070,7810.110,7593.020,7799.120,98167781.000,
2017-04-28,7777.750,7842.110,7768.050,7842.080,73216270.000,
2017-05-02,7831.440,7851.410,7811.840,7845.470,70339042.000,
2017-05-03,7832.020,7860.300,7796.820,7830.640,79325256.000,
2017-05-04,7804.780,7877.320,7763.840,7804.580,81643054.000,
2017-05-05,7780.140,7787.570,7700.210,7700.260,75760190.000,
2017-05-08,7679.160,7691.480,7555.060,7555.280,73319729.000,
2017-05-09,7522.220,7603.360,7475.410,7602.960,67280805.000,
2017-05-10,7597.770,7637.640,7451.360,7451.780,77301565.000,
2017-05-11,7400.420,7408.110,7199.410,7387.150,89986689.000,
2017-05-12,7368.070,7395.360,7306.380,7371.300,68955148.000,
2017-05-15,7386.200,7425.320,7386.200,7391.610,62018727.000,
2017-05-16,7377.760,7549.920,7324.140,7549.770,87956327.000,
2017-05-17,7545.210,7609.530,7538.670,7570.440,87397565.000,
2017-05-18,7509.410,7581.830,7490.780,7519.190,76571371.000,
2017-05-19,7517.130,7540.920,7472.280,7510.110,70235465.000,
2017-05-22,7500.510,7521.630,7354.070,7372.790,75642748.000,
2017-05-23,7352.250,7359.780,7132.310,7138.240,81300141.000,
2017-05-24,7099.270,7172.660,6996.640,7172.140,69675338.000,
2017-05-25,7160.160,7241.230,7078.550,7232.630,78452460.000,
2017-05-26,7224.810,7265.150,7221.080,7233.340,73388876.000,
2017-05-31,7303.580,7327.320,7211.070,7212.700,68088164.000,
2017-06-01,7191.690,7191.690,7015.870,7016.300,73048074.000,
2017-06-02,6989.440,7105.030,6927.920,7094.430,72114679.000,
2017-06-05,7102.500,7172.440,7099.620,7160.530,63186152.000,
2017-06-06,7147.170,7198.300,7136.460,7197.620,61678299.000,
2017-06-07,7194.690,7347.600,7192.860,7347.600,91546724.000,
2017-06-08,7349.930,7374.860,7327.070,7342.480,84987150.000,
2017-06-09,7331.500,7353.410,7288.320,7348.520,76717904.000,
2017-06-12,7314.670,7322.470,7241.070,7246.710,75468498.000,
2017-06-13,7234.280,7358.430,7232.690,7352.980,73604184.000,
2017-06-14,7346.520,7382.580,7340.700,7362.860,80236269.000,
2017-06-15,7350.010,7468.210,7348.420,7455.390,91008686.000,
2017-06-16,7453.600,7463.050,7433.420,7442.950,78770823.000,
2017-06-19,7435.250,7489.820,7435.240,7489.760,74348242.000,
2017-06-20,7496.890,7542.130,7495.720,7503.800,88753750.000,
2017-06-21,7510.010,7521.210,7456.560,7504.190,82020574.000,
2017-06-22,7495.920,7506.410,7371.960,7371.960,92135684.000,
2017-06-23,7355.760,7383.930,7262.410,7376.670,81280141.000,
2017-06-26,7370.620,7462.250,7363.380,7462.100,75951957.000,
2017-06-27,7461.400,7493.820,7442.850,7474.030,75652329.000,
2017-06-28,7457.360,7457.710,7411.380,7423.470,70053215.000,
2017-06-29,7424.970,7480.740,7424.970,7456.670,67297454.000,
2017-06-30,7435.700,7473.270,7416.450,7465.760,64150203.000,
2017-07-03,7468.150,7537.330,7460.440,7537.110,74486293.000,
2017-07-04,7533.990,7540.940,7506.520,7523.700,72648178.000,
2017-07-05,7520.860,7588.120,7510.530,7588.090,82890334.000,
2017-07-06,7583.150,7613.260,7543.340,7601.790,100425646.000,
2017-07-07,7585.330,7623.500,7576.810,7623.380,94199614.000,
2017-07-10,7613.310,7626.850,7567.100,7577.820,99698487.000,
2017-07-11,7566.410,7575.470,7484.060,7484.060,90991082.000,
2017-07-12,7471.560,7494.950,7367.260,7474.330,89792195.000,
2017-07-13,7463.280,7494.730,7452.130,7474.300,81808389.000,
2017-07-14,7460.530,7465.540,7415.580,7433.180,73794909.000,
2017-07-17,7405.910,7405.910,7048.540,7048.540,116496105.000,
2017-07-18,7013.310,7109.940,6988.520,7109.600,82600121.000,
2017-07-19,7097.540,7202.950,7081.510,7202.810,101966429.000,
2017-07-20,7199.680,7273.980,7192.070,7244.900,106172491.000,
2017-07-21,7232.810,7268.240,7227.960,7252.710,100077281.000,
2017-07-24,7235.010,7295.280,7228.840,7292.650,106202521.000,
2017-07-25,7281.390,7297.110,7237.520,7278.840,92389196.000,
2017-07-26,7275.880,7290.140,7238.270,7289.880,96347421.000,
2017-07-27,7274.150,7388.290,7252.460,7383.110,124169690.000,
2017-07-28,7366.550,7400.370,7361.360,7386.210,103203280.000,
2017-07-31,7382.960,7445.250,7371.040,7444.960,119850688.000,
2017-08-01,7444.750,7456.410,7416.970,7452.930,116322119.000,
2017-08-02,7445.290,7453.200,7385.350,7389.510,122436327.000,
2017-08-03,7374.470,7451.610,7368.530,7424.110,114162782.000,
2017-08-04,7417.310,7447.360,7389.150,7389.150,123600728.000,
2017-08-07,7379.030,7445.680,7379.030,7445.180,99658818.000,
2017-08-08,7446.230,7482.250,7423.210,7470.690,120566699.000,
2017-08-09,7469.290,7495.800,7455.690,7495.390,113083964.000,
2017-08-10,7478.930,7499.870,7381.210,7441.240,115524978.000,
2017-08-11,7389.740,7425.300,7318.480,7328.400,117100247.000,
2017-08-14,7331.640,7475.200,7331.640,7474.640,105158120.000,
2017-08-15,7477.270,7507.760,7462.440,7507.290,101089524.000,
2017-08-16,7502.570,7553.500,7475.200,7544.390,112649947.000,
2017-08-17,7547.780,7615.750,7545.630,7614.210,125774281.000,
2017-08-18,7564.980,7595.270,7547.670,7576.050,111948507.000,
2017-08-21,7583.080,7631.950,7583.050,7631.750,101044855.000,
2017-08-22,7622.990,7622.990,7567.690,7585.110,102144022.000,
2017-08-23,7572.080,7581.200,7516.690,7534.460,86378899.000,
2017-08-24,7531.840,7540.770,7470.350,7486.060,84636693.000,
2017-08-25,7483.850,7566.030,7483.850,7559.310,86605024.000,
2017-08-28,7563.540,7656.790,7563.540,7642.650,106388383.000,
2017-08-29,7639.010,7653.180,7607.190,7623.250,104143952.000,
2017-08-30,7618.380,7663.330,7618.380,7654.370,107534864.000,
2017-08-31,7654.340,7680.310,7639.780,7679.870,102046479.000,
2017-09-01,7687.840,7740.290,7674.200,7739.910,124204193.000,
2017-09-04,7739.870,7798.510,7730.110,7798.180,133033942.000,
2017-09-05,7790.700,7803.900,7751.470,7800.540,118988268.000,
2017-09-06,7776.990,7858.350,7766.040,7858.280,125957092.000,
2017-09-07,7859.400,7886.920,7819.320,7823.400,130396053.000,
2017-09-08,7816.210,7861.040,7789.330,7838.800,115813341.000,
2017-09-11,7835.820,7920.860,7832.680,7920.690,119948688.000,
2017-09-12,7926.470,7965.690,7883.660,7899.420,155595841.000,
2017-09-13,7888.840,7928.950,7872.760,7928.750,114389441.000,
2017-09-14,7930.830,7951.840,7885.680,7916.670,125385871.000,
2017-09-15,7902.200,7904.360,7846.920,7880.570,116482297.000,
2017-09-18,7870.640,7941.940,7870.640,7941.680,103390755.000,
2017-09-19,7941.070,7948.300,7880.960,7905.710,109775245.000,
2017-09-20,7896.820,7975.610,7883.280,7975.390,116876089.000,
2017-09-21,7974.710,7981.780,7886.520,7886.520,116850713.000,
2017-09-22,7860.860,7873.250,7807.830,7849.730,102139599.000,
2017-09-25,7835.200,7843.280,7725.570,7731.800,91623510.000,
2017-09-26,7723.110,7751.060,7697.110,7746.240,77843700.000,
2017-09-27,7745.590,7812.880,7742.470,7810.230,81346629.000,
2017-09-28,7800.130,7818.990,7766.860,7768.380,86698342.000,
2017-09-29,7779.880,7842.960,7779.880,7842.590,85523200.000,
2017-10-09,7921.730,7945.040,7894.300,7941.180,102276853.000,
2017-10-10,7934.370,7994.740,7925.550,7994.460,102305671.000,
2017-10-11,7991.220,7997.980,7953.950,7961.110,114720884.000,
2017-10-12,7951.670,7962.310,7886.240,7940.140,100875163.000,
2017-10-13,7934.430,7972.670,7926.760,7972.420,90829343.000,
2017-10-16,7963.520,7964.260,7817.240,7819.590,107362554.000,
2017-10-17,7799.780,7836.400,7772.890,7805.070,70959771.000,
2017-10-18,7806.880,7829.990,7729.050,7730.270,82414922.000,
2017-10-19,7718.800,7734.900,7637.610,7656.060,83055058.000,
2017-10-20,7650.080,7751.430,7647.060,7751.430,68092599.000,
2017-10-23,7753.690,7793.810,7746.890,7793.540,71750404.000,
2017-10-24,7786.300,7786.300,7702.550,7752.920,72746506.000,
2017-10-25,7745.320,7799.870,7740.490,7799.750,69358583.000,
2017-10-26,7791.740,7836.700,7783.910,7830.110,83826361.000,
2017-10-27,7821.560,7831.020,7762.640,7770.710,77703303.000,
2017-10-30,7753.680,7755.650,7531.290,7574.650,96450484.000,
2017-10-31,7563.650,7631.920,7560.900,7631.530,69384453.000,
2017-11-01,7630.420,7659.370,7622.940,7635.440,74009354.000,
2017-11-02,7622.840,7622.840,7540.890,7542.350,76617542.000,
2017-11-03,7534.440,7549.830,7436.430,7476.980,80044389.000,
2017-11-06,7476.190,7551.890,7453.200,7551.350,73389682.000,
2017-11-07,7548.380,7596.420,7530.040,7596.170,81226162.000,
2017-11-08,7585.910,7653.420,7578.690,7617.520,86674802.000,
2017-11-09,7610.890,7657.250,7609.240,7656.670,78332482.000,
2017-11-10,7649.470,7677.700,7634.650,7669.970,89683889.000,
2017-11-13,7673.520,7682.060,7649.430,7681.630,96787326.000,
2017-11-14,7676.700,7683.230,7596.800,7627.490,96157933.000,
2017-11-15,7609.720,7618.400,7530.810,7556.420,78824888.000,
2017-11-16,7543.010,7575.510,7523.890,7535.590,75868519.000,
2017-11-17,7528.800,7529.210,7262.890,7272.660,105824511.000,
2017-11-20,7234.330,7292.510,7089.630,7292.460,79268800.000,
2017-11-21,7283.610,7332.980,7246.200,7289.310,78289056.000,
2017-11-22,7290.640,7330.650,7244.990,7297.390,83721769.000,
2017-11-23,7283.750,7283.750,7124.030,7129.050,84917041.000,
2017-11-24,7102.260,7165.410,7093.730,7139.550,68774421.000,
2017-11-27,7130.100,7148.310,7057.330,7065.840,66026161.000,
2017-11-28,7057.530,7177.100,7057.360,7176.920,64844703.000,
2017-11-29,7176.160,7194.780,7110.480,7193.120,79386985.000,
2017-11-30,7176.150,7199.270,7133.810,7153.570,71253522.000,
2017-12-01,7144.480,7221.000,7144.070,7215.780,68773426.000,
2017-12-04,7209.780,7215.280,7135.400,7139.750,68490651.000,
2017-12-05,7124.980,7139.700,6909.400,6946.560,82947430.000,
2017-12-06,6925.460,7016.870,6879.240,7016.760,74073810.000,
2017-12-07,7002.460,7052.210,6992.920,7012.710,65907003.000,
2017-12-08,7004.120,7091.610,7002.640,7078.000,69671967.000,
2017-12-11,7089.950,7160.830,7089.920,7160.430,74668996.000,
2017-12-12,7157.730,7157.730,7095.230,7095.590,75574603.000,
2017-12-13,7080.620,7140.200,7078.260,7139.720,66579784.000,
2017-12-14,7131.270,7149.220,7103.920,7146.450,71121087.000,
2017-12-15,7137.040,7146.710,7092.260,7122.750,75337556.000,
2017-12-18,7113.780,7120.850,7049.300,7075.870,67680244.000,
2017-12-19,7070.220,7116.090,7069.880,7115.850,61202471.000,
2017-12-20,7106.660,7112.590,7029.700,7041.500,70439849.000,
2017-12-21,7029.020,7064.670,6963.130,7051.340,71260268.000,
2017-12-22,7043.390,7063.810,7027.200,7037.400,66292358.000,
2017-12-25,7031.030,7034.200,6927.320,6940.510,70201001.000,
2017-12-26,6935.040,6970.980,6893.620,6970.750,63357553.000,
2017-12-27,6963.060,6985.490,6935.880,6942.540,72263885.000,
2017-12-28,6929.540,6979.080,6925.070,6956.480,75274863.000,
2017-12-29,6957.020,7018.060,6956.590,7017.350,66690097.000,
2018-01-02,7027.630,7092.220,7022.230,7092.090,77191027.000,
2018-01-03,7090.870,7163.860,7083.110,7159.880,91410010.000,
2018-01-04,7149.680,7175.350,7141.700,7174.870,88822118.000,
2018-01-05,7172.000,7194.980,7163.040,7176.870,92401433.000,
2018-01-08,7172.040,7188.540,7132.940,7188.290,97596014.000,
2018-01-09,7179.930,7183.280,7156.200,7176.740,84762073.000,
2018-01-10,7172.730,7175.080,7089.660,7138.780,92083397.000,
2018-01-11,7121.460,7180.330,7093.730,7175.400,89170557.000,
2018-01-12,7166.750,7174.840,7125.230,7127.830,92888879.000,
2018-01-15,7103.610,7103.700,6912.710,6929.310,106751386.000,
2018-01-16,6916.160,6960.730,6915.990,6960.680,86865454.000,
2018-01-17,6938.720,6948.320,6846.560,6942.860,90404454.000,
2018-01-18,6928.090,6963.620,6926.590,6955.230,71023325.000,
2018-01-19,6953.340,6981.810,6928.650,6938.310,75544277.000,
2018-01-22,6928.800,7014.830,6902.630,7014.550,81490371.000,
2018-01-23,7008.970,7028.570,6996.640,7019.980,78622637.000,
2018-01-24,7008.470,7072.870,6972.690,7072.410,91279268.000,
2018-01-25,7065.300,7110.150,7057.640,7062.640,97155728.000,
2018-01-26,7043.270,7070.600,7038.000,7056.010,82596985.000,
2018-01-29,7052.310,7060.120,6956.200,6972.480,87438231.000,
2018-01-30,6955.680,6977.100,6944.800,6955.240,73304621.000,
2018-01-31,6913.350,6913.350,6773.990,6791.010,93717953.000,
2018-02-01,6775.360,6792.990,6505.760,6506.450,108188969.000,
2018-02-02,6454.440,6493.220,6322.580,6487.870,85895624.000,
2018-02-05,6403.080,6485.750,6379.830,6461.810,70665745.000,
2018-02-06,6353.200,6383.180,6142.400,6142.670,91078375.000,
2018-02-07,6236.460,6270.570,6042.630,6158.260,84681200.000,
2018-02-08,6141.780,6243.740,6138.170,6238.220,63310989.000,
2018-02-09,6100.350,6142.310,5983.770,6053.020,81244007.000,
2018-02-12,6074.460,6216.520,6074.460,6203.750,62144022.000,
2018-02-13,6229.380,6268.780,6211.630,6216.510,61402576.000,
2018-02-14,6216.380,6230.730,6182.890,6230.660,43078275.000,
2018-02-22,6269.370,6347.150,6269.370,6347.080,56935533.000,
2018-02-23,6346.820,6367.060,6316.540,6365.920,64212820.000,
2018-02-26,6396.510,6509.620,6382.150,6507.130,89530167.000,
2018-02-27,6506.400,6540.750,6491.530,6529.380,92361276.000,
2018-02-28,6488.250,6581.080,6461.370,6563.810,88031590.000,
2018-03-01,6530.220,6658.940,6517.590,6658.580,91081398.000,
2018-03-02,6621.530,6672.960,6612.460,6632.370,89120446.000,
2018-03-05,6648.260,6674.410,6626.420,6674.280,79316783.000,
2018-03-06,6679.270,6735.960,6679.050,6735.860,96465995.000,
2018-03-07,6726.800,6740.080,6682.640,6688.540,85717765.000,
2018-03-08,6679.040,6725.420,6678.680,6725.180,79015477.000,
2018-03-09,6725.430,6839.720,6722.680,6837.130,106638912.000,
2018-03-12,6865.440,6947.650,6865.440,6947.460,123378324.000,
2018-03-13,6937.120,6963.850,6906.650,6911.670,111152929.000,
2018-03-14,6886.020,6908.110,6831.750,6834.840,94189430.000,
2018-03-15,6809.850,6838.890,6743.400,6824.050,91224058.000,
2018-03-16,6821.230,6861.680,6805.930,6805.930,87455339.000,
2018-03-19,6796.350,6856.090,6773.550,6820.500,84173400.000,
2018-03-20,6768.710,6826.780,6749.810,6822.250,81340306.000,
2018-03-21,6826.220,6875.520,6766.940,6771.060,95895895.000,
2018-03-22,6767.270,6804.240,6729.160,6764.690,85808988.000,
2018-03-23,6565.980,6625.100,6336.250,6402.890,132373257.000,
2018-03-26,6313.900,6515.330,6257.960,6515.250,94703107.000,
2018-03-27,6570.420,6692.970,6570.420,6680.840,110195707.000,
2018-03-28,6602.630,6684.000,6586.970,6635.870,99371456.000,
2018-03-29,6648.890,6686.730,6635.820,6684.280,91214211.000,
2018-03-30,6699.460,6799.020,6699.460,6798.670,102091949.000,
2018-04-02,6818.120,6875.640,6806.190,6835.870,118297864.000,
2018-04-03,6745.210,6776.000,6712.500,6769.560,101357280.000,
2018-04-04,6783.340,6804.040,6704.100,6708.920,92645766.000,
2018-04-09,6680.400,6747.700,6627.680,6718.650,87538445.000,
2018-04-10,6721.910,6731.550,6649.890,6720.770,94164633.000,
2018-04-11,6736.220,6778.180,6731.350,6759.810,95131792.000,
2018-04-12,6748.470,6772.430,6718.510,6727.640,88454483.000,
2018-04-13,6753.350,6771.120,6710.710,6721.660,84559366.000,
2018-04-16,6704.340,6750.180,6657.950,6717.930,93135856.000,
2018-04-17,6727.420,6739.170,6559.040,6564.690,97259954.000,
2018-04-18,6597.330,6668.390,6483.090,6661.290,101869241.000,
2018-04-19,6649.050,6717.530,6642.060,6677.090,101400458.000,
2018-04-20,6649.990,6670.490,6528.920,6535.960,95346158.000,
2018-04-23,6532.720,6557.760,6394.420,6466.520,87176072.000,
2018-04-24,6459.480,6606.580,6459.480,6606.580,91528387.000,
2018-04-25,6571.660,6641.540,6563.660,6632.020,90133619.000,
2018-04-26,6621.460,6623.950,6509.510,6510.530,90174352.000,
2018-04-27,6528.730,6549.290,6462.700,6517.050,75737816.000,
2018-05-02,6516.600,6551.250,6442.780,6486.810,75558392.000,
2018-05-03,6471.170,6546.030,6393.120,6545.270,80598676.000,
2018-05-04,6524.020,6565.720,6511.530,6531.290,70877893.000,
2018-05-07,6538.130,6646.680,6538.130,6646.580,81494416.000,
2018-05-08,6647.340,6678.460,6637.650,6678.140,84331441.000,
2018-05-09,6666.770,6685.690,6642.200,6674.910,81016615.000,
2018-05-10,6682.120,6703.670,6651.670,6703.210,92176531.000,
2018-05-11,6705.310,6707.820,6635.550,6636.770,86880353.000,
2018-05-14,6625.030,6639.840,6573.460,6591.730,79024548.000,
2018-05-15,6592.650,6661.420,6568.730,6661.130,75614611.000,
2018-05-16,6638.670,6670.650,6616.740,6622.640,79878254.000,
2018-05-17,6616.440,6631.070,6576.530,6591.250,73235444.000,
2018-05-18,6583.870,6621.150,6555.420,6620.770,76761694.000,
2018-05-21,6654.050,6705.830,6653.980,6697.140,94894912.000,
2018-05-22,6691.800,6724.740,6675.980,6724.400,90111423.000,
2018-05-23,6702.490,6707.830,6652.290,6652.290,92940044.000,
2018-05-24,6649.010,6666.730,6625.540,6628.500,74799968.000,
2018-05-25,6622.510,6630.020,6536.350,6541.450,84555476.000,
2018-05-28,6526.840,6543.060,6463.570,6490.400,79469460.000,
2018-05-29,6481.820,6522.830,6436.310,6436.770,78343651.000,
2018-05-30,6345.940,6351.510,6222.100,6232.420,92710533.000,
2018-05-31,6274.760,6315.840,6231.160,6315.170,79566855.000,
2018-06-01,6285.050,6324.890,6209.110,6243.730,78303820.000,
2018-06-04,6252.260,6265.580,6192.910,6215.610,67212354.000,
2018-06-05,6210.980,6316.480,6210.980,6316.420,69761826.000,
2018-06-06,6308.790,6331.750,6295.900,6320.470,65808383.000,
2018-06-07,6334.400,6340.680,6268.770,6274.880,68786819.000,
2018-06-08,6261.680,6261.680,6159.990,6205.960,72205343.000,
2018-06-11,6187.620,6197.940,6133.470,6151.940,62744012.000,
2018-06-12,6152.020,6199.320,6086.600,6199.150,64267199.000,
2018-06-13,6180.980,6180.980,6091.400,6092.340,67469713.000,
2018-06-14,6069.260,6125.310,6040.090,6060.130,63968900.000,
2018-06-15,6054.890,6069.750,5900.130,5928.070,81197672.000,
2018-06-19,5821.040,5829.580,5463.370,5522.530,102830665.000,
2018-06-20,5485.060,5612.480,5458.530,5588.270,80367709.000,
2018-06-21,5578.240,5623.960,5454.830,5456.910,84103827.000,
2018-06-22,5413.380,5545.150,5384.050,5541.370,75475079.000,
2018-06-25,5579.440,5592.620,5508.640,5512.430,70036532.000,
2018-06-26,5434.390,5563.360,5411.500,5558.710,78029385.000,
2018-06-27,5557.590,5583.630,5489.920,5508.920,76099462.000,
2018-06-28,5494.950,5547.570,5439.870,5443.850,69808464.000,
2018-06-29,5441.960,5608.540,5435.490,5608.540,83741650.000,
2018-07-02,5601.740,5625.500,5495.090,5538.090,88445320.000,
2018-07-03,5531.580,5602.060,5450.210,5601.590,85429943.000,
2018-07-04,5574.180,5580.170,5478.660,5500.670,78753578.000,
2018-07-05,5484.070,5507.810,5352.660,5352.660,78062654.000,
2018-07-06,5345.880,5442.080,5251.500,5374.580,86912981.000,
2018-07-09,5378.810,5487.800,5378.810,5487.550,77823706.000,
2018-07-10,5487.340,5525.030,5474.140,5524.800,75689187.000,
2018-07-11,5441.240,5442.010,5317.700,5396.310,83385136.000,
2018-07-12,5385.810,5552.720,5385.810,5541.360,94834357.000,
2018-07-13,5539.140,5570.520,5533.650,5561.690,84597067.000,
2018-07-16,5552.220,5573.880,5533.130,5566.960,74318439.000,
2018-07-17,5557.910,5575.790,5507.150,5575.470,75861020.000,
2018-07-18,5573.020,5612.900,5544.520,5544.520,85051726.000,
2018-07-19,5533.120,5559.670,5460.470,5480.770,74877306.000,
2018-07-20,5469.790,5552.160,5438.070,5541.210,76583960.000,
2018-07-23,5509.230,5582.410,5493.770,5582.310,94319127.000,
2018-07-24,5578.720,5674.310,5572.980,5672.220,119690164.000,
2018-07-25,5669.990,5702.280,5662.850,5685.590,109233977.000,
2018-07-26,5681.070,5695.230,5649.390,5663.180,115684489.000,
2018-07-27,5655.310,5669.010,5617.910,5630.230,102761410.000,
2018-07-30,5618.900,5634.450,5523.850,5549.040,93679354.000,
2018-07-31,5536.710,5562.550,5513.990,5542.540,72123960.000,
2018-08-01,5553.760,5578.330,5456.210,5456.210,84268116.000,
2018-08-02,5431.130,5431.130,5207.480,5325.800,103250616.000,
2018-08-03,5313.050,5335.600,5255.630,5255.630,78879933.000,
2018-08-06,5234.670,5264.860,5113.340,5144.640,79112126.000,
2018-08-07,5149.370,5279.860,5108.260,5279.640,85777296.000,
2018-08-08,5263.170,5278.250,5187.610,5191.790,90575953.000,
2018-08-09,5166.380,5329.840,5155.060,5307.970,96609965.000,
2018-08-10,5299.490,5344.720,5296.500,5342.050,77253328.000,
2018-08-13,5278.160,5369.600,5256.580,5369.180,78939306.000,
2018-08-14,5357.720,5376.260,5334.930,5351.020,77632990.000,
2018-08-15,5347.690,5350.610,5237.000,5242.090,77360855.000,
2018-08-16,5175.420,5244.660,5127.140,5178.240,72044028.000,
2018-08-17,5210.230,5233.500,5073.400,5084.210,73789581.000,
2018-08-20,5071.140,5103.630,4994.320,5103.630,69335024.000,
2018-08-21,5097.200,5171.560,5085.900,5162.030,70162179.000,
2018-08-22,5151.440,5156.250,5098.610,5102.360,64969658.000,
2018-08-23,5095.360,5151.310,5087.510,5133.330,63984481.000,
2018-08-24,5122.680,5147.560,5100.140,5116.140,61230128.000,
2018-08-27,5121.190,5229.360,5121.190,5229.360,78986013.000,
2018-08-28,5229.620,5244.150,5212.390,5233.500,75723092.000,
2018-08-29,5229.070,5229.110,5190.140,5203.710,65649274.000,
2018-08-30,5193.690,5206.950,5112.180,5114.270,67818961.000,
2018-08-31,5096.550,5107.690,5047.620,5057.980,59257132.000,
2018-09-03,5049.730,5055.280,4973.740,5054.100,63250475.000,
2018-09-04,5047.810,5123.260,5042.820,5113.150,71602340.000,
2018-09-05,5100.340,5115.720,5032.500,5032.500,75136620.000,
2018-09-06,5016.830,5071.110,4991.780,5012.510,66305531.000,
2018-09-07,5018.230,5084.400,4989.040,5022.280,74684114.000,
2018-09-10,5016.790,5019.470,4921.790,4923.640,70259288.000,
2018-09-11,4917.070,4950.630,4884.900,4925.300,62199378.000,
2018-09-12,4922.350,4956.460,4902.410,4919.810,58336361.000,
2018-09-13,4955.790,4978.360,4888.120,4958.170,66957218.000,
2018-09-14,4958.700,4965.670,4907.090,4907.930,67569045.000,
2018-09-17,4885.230,4885.230,4812.930,4831.560,60470789.000,
2018-09-18,4815.760,4917.390,4813.600,4917.350,72134617.000,
2018-09-19,4904.240,5001.860,4895.850,4970.010,87856789.000,
2018-09-20,4961.660,4984.750,4944.650,4951.580,78954210.000,
2018-09-21,4957.270,5015.240,4931.350,5011.690,86809591.000,
2018-09-25,4980.300,5014.020,4965.990,4995.700,66325064.000,
2018-09-26,4996.350,5042.510,4987.910,5017.060,79888149.000,
2018-09-27,5012.450,5018.400,4945.640,4945.690,88314523.000,
2018-09-28,4947.720,4987.270,4935.420,4987.270,69992383.000,
2018-10-08,4906.100,4916.870,4813.090,4817.430,72403277.000,
2018-10-09,4826.320,4860.920,4790.670,4818.730,62561005.000,
2018-10-10,4823.350,4842.980,4775.670,4812.430,64140907.000,
2018-10-11,4662.960,4671.990,4428.600,4456.610,107928391.000,
2018-10-12,4415.290,4446.950,4251.670,4427.680,98498279.000,
2018-10-15,4435.080,4468.220,4352.270,4358.870,68221011.000,
2018-10-16,4358.060,4391.390,4237.510,4261.170,68199493.000,
2018-10-17,4311.050,4334.630,4192.820,4292.200,71247907.000,
2018-10-18,4260.010,4260.010,4143.170,4149.440,71591533.000,
2018-10-19,4080.120,4243.970,4066.270,4241.230,77230953.000,
2018-10-22,4279.760,4491.310,4279.760,4452.740,111874430.000,
2018-10-23,4448.910,4469.570,4352.660,4379.060,93078052.000,
2018-10-24,4358.870,4424.910,4340.660,4377.550,75240892.000,
2018-10-25,4245.300,4353.780,4223.320,4345.330,80969541.000,
2018-10-26,4374.460,4412.230,4342.210,4359.470,82617544.000,
2018-10-29,4341.910,4345.020,4275.720,4296.700,66211374.000,
2018-10-30,4284.360,4358.470,4226.590,4336.650,76210923.000,
2018-10-31,4342.110,4424.500,4337.530,4400.610,86162530.000,
2018-11-01,4428.860,4493.600,4425.150,4428.740,101841544.000,
2018-11-02,4490.630,4564.180,4483.980,4564.180,115826479.000,
2018-11-05,4557.920,4620.710,4529.440,4598.200,122382858.000,
2018-11-06,4585.580,4603.780,4543.710,4603.110,103587470.000,
2018-11-07,4604.870,4650.360,4589.320,4592.840,114228877.000,
2018-11-08,4617.910,4628.270,4568.670,4572.380,102457345.000,
2018-11-09,4553.210,4596.760,4542.580,4561.210,88588604.000,
2018-11-12,4560.860,4697.350,4556.300,4697.350,118546244.000,
2018-11-13,4648.560,4816.840,4639.580,4790.450,173463646.000,
2018-11-14,4784.860,4848.060,4776.790,4791.230,158645183.000,
2018-11-15,4790.330,4871.090,4788.210,4871.090,140331372.000,
2018-11-16,4880.870,4946.790,4867.080,4923.990,157188064.000,
2018-11-19,4924.290,4942.490,4877.950,4942.490,148061789.000,
2018-11-20,4899.320,4923.640,4808.410,4811.880,146404501.000,
2018-11-21,4754.230,4848.730,4746.680,4847.040,123953819.000,
2018-11-22,4858.480,4878.100,4831.090,4850.130,116541613.000,
2018-11-23,4840.940,4841.400,4624.480,4642.120,134023411.000,
2018-11-26,4631.420,4677.960,4610.580,4633.730,92379203.000,
2018-11-27,4662.330,4693.830,4636.960,4671.640,93590304.000,
2018-11-28,4669.660,4728.580,4607.610,4728.580,108618888.000,
2018-11-29,4746.630,4758.250,4617.350,4617.350,110509508.000,
2018-11-30,4604.270,4654.530,4549.440,4648.180,95931847.000,
2018-12-03,4762.960,4820.210,4742.470,4802.290,129385893.000,
2018-12-04,4793.320,4846.170,4782.950,4846.170,119127087.000,
2018-12-05,4750.550,4846.750,4734.980,4816.990,116947577.000,
2018-12-06,4796.410,4814.710,4724.530,4730.910,108492490.000,
2018-12-07,4738.170,4755.330,4711.360,4731.900,87946349.000,
2018-12-10,4698.550,4711.320,4660.730,4676.620,81484054.000,
2018-12-11,4691.590,4720.470,4685.300,4720.470,79315381.000,
2018-12-12,4733.070,4740.990,4706.390,4718.820,80869112.000,
2018-12-13,4727.460,4791.000,4698.370,4763.720,95756912.000,
2018-12-14,4755.020,4756.210,4638.920,4641.890,99004544.000,
2018-12-17,4623.130,4634.030,4569.570,4627.230,75749562.000,
2018-12-18,4602.400,4634.750,4553.360,4596.610,72346223.000,
2018-12-19,4601.370,4604.940,4525.060,4533.400,69120250.000,
2018-12-20,4523.970,4560.340,4509.570,4550.600,70382238.000,
2018-12-21,4536.570,4543.870,4484.560,4517.780,69640651.000,
2018-12-24,4511.220,4558.350,4501.060,4558.320,66081870.000,
2018-12-25,4512.290,4522.880,4403.060,4514.620,93035860.000,
2018-12-26,4509.320,4531.110,4487.790,4494.500,76710390.000,
2018-12-27,4553.720,4561.920,4424.650,4424.650,80996689.000,
2018-12-28,4429.040,4454.960,4396.370,4430.020,71528889.000,
2019-01-02,4436.750,4444.440,4399.590,4408.530,66272240.000,
2019-01-03,4404.310,4446.030,4375.860,4376.860,80494980.000,
2019-01-04,4338.060,4497.910,4326.330,4497.890,103470812.000,
2019-01-07,4523.230,4598.630,4516.000,4594.150,114553618.000,
2019-01-08,4586.830,4596.800,4567.290,4585.030,107411023.000,
2019-01-09,4588.690,4654.770,4578.450,4594.740,123173858.000,
2019-01-10,4592.740,4619.820,4571.090,4582.480,106482939.000,
2019-01-11,4585.220,4621.610,4575.640,4621.610,104124236.000,
2019-01-14,4621.700,4625.560,4580.540,4594.190,101738120.000,
2019-01-15,4583.550,4644.170,4569.140,4644.170,101562237.000,
2019-01-16,4644.230,4669.630,4632.070,4637.200,102219630.000,
2019-01-17,4632.270,4639.790,4590.310,4595.490,103440105.000,
2019-01-18,4596.250,4627.660,4576.770,4626.410,109175225.000,
2019-01-21,4629.790,4668.480,4624.650,4655.110,100076064.000,
2019-01-22,4651.030,4651.100,4589.370,4603.200,97121041.000,
2019-01-23,4590.690,4609.680,4580.620,4609.670,85172901.000,
2019-01-24,4613.930,4651.020,4591.800,4635.750,99056797.000,
2019-01-25,4634.060,4651.320,4606.870,4607.940,99927190.000,
2019-01-28,4629.430,4640.620,4565.790,4570.400,90487999.000,
2019-01-29,4557.810,4558.050,4419.400,4490.050,96718036.000,
2019-01-30,4464.800,4492.660,4422.360,4423.140,74488978.000,
2019-01-31,4408.110,4441.420,4328.920,4355.740,94572194.000,
2019-02-01,4369.270,4482.990,4369.270,4482.990,77712659.000,
2019-02-11,4497.530,4611.830,4497.530,4611.830,92672577.000,
2019-02-12,4611.850,4685.130,4604.100,4675.790,112331012.000,
2019-02-13,4679.690,4766.180,4672.780,4759.830,136305865.000,
2019-02-14,4758.510,4801.090,4741.520,4780.040,122835601.000,
2019-02-15,4772.980,4805.800,4763.760,4773.510,125212371.000,
2019-02-18,4805.330,4942.880,4805.330,4942.880,164851885.000,
2019-02-19,4964.220,4988.260,4897.230,4963.750,192358065.000,
2019-02-20,4958.890,4971.130,4906.630,4967.040,165216070.000,
2019-02-21,4957.630,5046.620,4930.970,4947.660,190944300.000,
2019-02-22,4935.440,5059.510,4932.200,5059.510,178598982.000,
2019-02-25,5129.470,5324.520,5120.470,5324.250,279811989.000,
2019-02-26,5335.380,5438.880,5273.900,5323.760,301079738.000,
2019-02-27,5312.560,5391.870,5245.410,5310.270,249461989.000,
2019-02-28,5306.200,5370.210,5291.980,5330.340,200466406.000,
2019-03-01,5344.420,5364.370,5286.000,5364.370,178938607.000,
2019-03-04,5418.710,5562.200,5418.270,5482.300,273202346.000,
2019-03-05,5470.700,5654.310,5451.290,5654.310,268062367.000,
2019-03-06,5694.900,5776.980,5625.340,5776.970,322771413.000,
2019-03-07,5775.300,5928.610,5750.050,5877.300,329260507.000,
2019-03-08,5736.930,5913.030,5633.290,5633.320,328703794.000,
2019-03-11,5682.570,5876.340,5645.180,5876.340,264261667.000,
2019-03-12,5922.570,6046.620,5897.170,6006.180,318246948.000,
2019-03-13,6014.510,6039.970,5822.570,5866.630,293148958.000,
2019-03-14,5810.020,5860.930,5622.340,5688.950,232973851.000,
2019-03-15,5723.650,5816.310,5704.270,5777.110,200343467.000,
2019-03-18,5801.320,5916.340,5743.600,5916.340,212333651.000,
2019-03-19,5916.170,5968.340,5895.180,5941.910,208325492.000,
2019-03-20,5935.270,5948.850,5811.200,5926.170,214445294.000,
2019-03-21,5929.750,6034.480,5914.670,5990.640,247020488.000,
2019-03-22,5981.700,6022.070,5889.680,6014.550,222264881.000,
2019-03-25,5914.850,6039.660,5890.400,5961.440,220347591.000,
2019-03-26,5982.360,6006.940,5774.740,5788.360,209238746.000,
2019-03-27,5822.690,5842.070,5696.130,5826.530,174223425.000,
2019-03-28,5797.870,5872.200,5744.230,5747.860,171831553.000,
2019-03-29,5748.920,5911.220,5699.690,5911.210,192594810.000,
2019-04-01,5961.790,6137.730,5961.790,6137.730,244075253.000,
2019-04-02,6181.080,6234.750,6135.800,6174.940,261504891.000,
2019-04-03,6142.370,6237.160,6114.600,6237.020,236994627.000,
2019-04-04,6262.690,6283.290,6198.030,6260.070,243395635.000,
2019-04-08,6303.430,6322.480,6130.760,6230.210,260323275.000,
2019-04-09,6212.730,6261.150,6164.970,6245.430,208547660.000,
2019-04-10,6203.400,6289.930,6159.230,6235.710,230414853.000,
2019-04-11,6232.890,6249.500,6106.660,6106.950,216963919.000,
2019-04-12,6097.070,6130.380,6047.830,6101.200,177320978.000,
2019-04-15,6178.500,6215.380,6049.240,6052.050,191818239.000,
2019-04-16,6019.120,6179.800,5978.730,6179.800,198001456.000,
2019-04-17,6181.760,6267.590,6175.580,6234.110,222085301.000,
2019-04-18,6229.690,6255.790,6188.120,6202.840,212230452.000,
2019-04-19,6198.610,6255.260,6147.160,6255.250,207121062.000,
2019-04-22,6270.370,6274.460,6171.310,6192.140,214587952.000,
2019-04-23,6175.130,6175.820,6061.750,6078.270,213003386.000,
2019-04-24,6081.960,6153.390,6017.860,6153.390,182176366.000,
2019-04-25,6130.010,6140.300,5899.650,5899.910,212511761.000,
2019-04-26,5861.790,5926.040,5830.350,5834.380,172501458.000,
2019-04-29,5831.240,5849.640,5613.830,5622.480,179824494.000,
2019-04-30,5595.810,5718.320,5595.810,5682.240,134502043.000,
2019-05-06,5480.130,5496.840,5212.990,5246.830,167814118.000,
2019-05-07,5273.220,5353.610,5214.900,5312.500,144244560.000,
2019-05-08,5198.840,5376.900,5166.400,5292.750,145636329.000,
2019-05-09,5243.720,5308.020,5229.820,5237.820,121058408.000,
2019-05-10,5292.450,5445.540,5192.700,5445.530,172481790.000,
2019-05-13,5385.760,5440.910,5366.780,5405.610,135045946.000,
2019-05-14,5333.850,5422.620,5328.010,5368.230,130383164.000,
2019-05-15,5412.930,5491.400,5403.480,5486.390,146817521.000,
2019-05-16,5488.270,5539.350,5478.070,5527.270,165713589.000,
2019-05-17,5527.380,5530.900,5306.470,5330.990,175754930.000,
2019-05-20,5326.190,5330.180,5200.680,5313.150,135497682.000,
2019-05-21,5305.440,5425.310,5287.310,5418.050,142602880.000,
2019-05-22,5418.240,5451.110,5351.700,5395.430,142023330.000,
2019-05-23,5380.410,5380.410,5251.340,5267.830,143600000.000,
2019-05-24,5230.900,5279.650,5186.870,5200.770,118146768.000,
2019-05-27,5204.420,5360.000,5179.190,5354.630,128155378.000,
2019-05-28,5353.850,5414.650,5332.930,5354.530,139389445.000,
2019-05-29,5336.840,5411.080,5329.910,5376.510,122728790.000,
2019-05-30,5357.490,5357.490,5270.890,5341.980,133342170.000,
2019-05-31,5336.690,5384.480,5319.210,5334.250,127940457.000,
2019-06-03,5341.270,5354.690,5235.520,5255.070,140140957.000,
2019-06-04,5244.730,5249.530,5131.010,5160.980,119113915.000,
2019-06-05,5206.150,5222.870,5148.290,5158.470,108597057.000,
2019-06-06,5149.380,5149.380,5011.760,5030.800,112692560.000,
2019-06-10,5043.330,5112.430,5022.000,5098.940,98524062.000,
2019-06-11,5103.850,5289.790,5096.020,5289.620,155235649.000,
2019-06-12,5276.700,5315.960,5251.050,5264.890,150031538.000,
2019-06-13,5256.910,5306.980,5237.960,5294.110,135168147.000,
2019-06-14,5297.740,5307.080,5170.980,5173.070,132738265.000,
2019-06-17,5168.350,5192.130,5140.270,5160.670,95764657.000,
2019-06-18,5160.110,5183.020,5125.100,5160.880,92008045.000,
2019-06-19,5268.940,5292.280,5231.970,5234.280,130878758.000,
2019-06-20,5228.490,5329.970,5199.870,5317.310,148037153.000,
2019-06-21,5350.290,5423.190,5350.290,5406.040,167478108.000,
2019-06-24,5412.550,5427.670,5374.520,5403.800,130858165.000,
2019-06-25,5397.060,5397.060,5289.840,5351.690,134544718.000,
2019-06-26,5323.700,5384.060,5303.240,5351.390,107686630.000,
2019-06-27,5361.980,5415.360,5360.490,5397.570,121409184.000,
2019-06-28,5389.980,5389.980,5289.430,5321.430,119527294.000,
2019-07-01,5418.210,5481.410,5392.440,5481.410,149214343.000,
2019-07-02,5482.440,5501.120,5462.730,5483.520,133052820.000,
2019-07-03,5465.950,5465.950,5408.580,5428.510,121295435.000,
2019-07-04,5435.480,5450.290,5381.050,5404.380,114081446.000,
2019-07-05,5404.710,5433.690,5379.890,5424.250,96904986.000,
2019-07-08,5410.200,5410.200,5221.950,5244.270,123487145.000,
2019-07-09,5239.860,5270.460,5203.850,5260.340,90883173.000,
2019-07-10,5267.270,5271.240,5196.820,5214.640,86986664.000,
2019-07-11,5236.660,5271.610,5180.960,5206.400,88825374.000,
2019-07-12,5209.300,5229.840,5173.050,5219.190,84877354.000,
2019-07-15,5203.580,5289.010,5140.800,5273.810,103285136.000,
2019-07-16,5264.650,5289.010,5254.620,5285.230,88246972.000,
2019-07-17,5282.560,5312.710,5269.240,5289.420,98706416.000,
2019-07-18,5265.370,5265.370,5194.600,5194.600,96554680.000,
2019-07-19,5205.730,5263.340,5205.700,5220.030,87706047.000,
2019-07-22,5222.060,5222.340,5067.100,5073.330,98799860.000,
2019-07-23,5072.770,5131.100,5072.770,5131.100,74249778.000,
2019-07-24,5141.940,5219.150,5141.900,5194.830,91972065.000,
2019-07-25,5193.650,5220.120,5181.280,5211.090,85520728.000,
2019-07-26,5201.560,5222.330,5188.240,5216.600,77863052.000,
2019-07-29,5217.930,5235.010,5197.020,5218.980,76414579.000,
2019-07-30,5217.070,5269.310,5216.810,5239.720,84370624.000,
2019-07-31,5229.140,5229.140,5193.180,5200.090,82306375.000,
2019-08-01,5172.080,5201.480,5151.390,5173.230,80247390.000,
2019-08-02,5074.000,5101.140,5047.390,5091.060,101405199.000,
2019-08-05,5076.110,5124.380,5032.640,5032.640,91066502.000,
2019-08-06,4940.870,4940.870,4781.880,4899.820,126619715.000,
2019-08-07,4928.140,4941.960,4884.990,4885.440,89951946.000,
2019-08-08,4901.820,4936.830,4901.710,4923.330,83388258.000,
2019-08-09,4948.520,4963.000,4861.120,4869.790,89534965.000,
2019-08-12,4873.890,4952.220,4859.620,4952.220,78824217.000,
2019-08-13,4917.890,4935.940,4903.820,4928.460,79018318.000,
2019-08-14,4980.390,4997.440,4953.980,4961.750,90034716.000,
2019-08-15,4848.870,4985.540,4829.410,4985.420,95328609.000,
2019-08-16,4981.560,5044.210,4979.930,5013.580,96228503.000,
2019-08-19,5054.480,5173.180,5054.480,5173.180,131032179.000,
2019-08-20,5183.010,5220.680,5168.940,5185.270,132730041.000,
2019-08-21,5177.880,5203.650,5168.810,5186.620,114896013.000,
2019-08-22,5200.060,5208.550,5165.610,5208.550,114152369.000,
2019-08-23,5210.420,5224.570,5179.470,5197.550,120371153.000,
2019-08-26,5096.100,5186.400,5087.700,5168.680,122374323.000,
2019-08-27,5196.140,5283.060,5196.140,5266.660,147090648.000,
2019-08-28,5261.620,5274.680,5236.020,5256.180,140548482.000,
2019-08-29,5262.960,5286.110,5249.750,5260.950,130752793.000,
2019-08-30,5280.510,5289.040,5160.450,5182.960,146306831.000,
2019-09-02,5187.400,5318.400,5187.400,5317.530,140256474.000,
2019-09-03,5324.690,5357.060,5310.270,5357.060,143294224.000,
2019-09-04,5345.940,5394.710,5336.570,5394.710,151964442.000,
2019-09-05,5423.960,5504.940,5418.920,5445.570,192911455.000,
2019-09-06,5461.330,5479.120,5425.370,5468.460,152005589.000,
2019-09-09,5516.530,5602.240,5495.160,5602.240,175102700.000,
2019-09-10,5608.740,5625.920,5573.990,5614.580,175825533.000,
2019-09-11,5630.200,5634.440,5564.940,5566.410,157662647.000,
2019-09-12,5580.600,5601.470,5546.250,5592.920,131539817.000,
2019-09-16,5613.570,5650.670,5600.800,5627.240,151239778.000,
2019-09-17,5614.160,5614.160,5471.430,5492.220,155208189.000,
2019-09-18,5501.840,5515.220,5467.910,5485.880,115406599.000,
2019-09-19,5497.240,5550.410,5468.750,5550.410,118150865.000,
2019-09-20,5560.040,5576.790,5533.280,5556.480,126469433.000,
2019-09-23,5538.730,5538.730,5462.270,5501.210,121427152.000,
2019-09-24,5504.500,5568.220,5495.460,5528.890,126895429.000,
2019-09-25,5502.160,5502.160,5421.620,5421.620,129643959.000,
2019-09-26,5428.610,5436.950,5244.080,5244.080,130735221.000,
2019-09-27,5241.510,5313.080,5241.510,5291.440,90617382.000,
2019-09-30,5297.020,5315.340,5232.390,5232.390,77537916.000,
2019-10-08,5242.020,5280.590,5226.260,5237.180,78830377.000,
2019-10-09,5220.200,5285.150,5191.060,5285.150,81537732.000,
2019-10-10,5291.550,5367.100,5281.860,5366.930,94803319.000,
2019-10-11,5371.400,5392.780,5327.790,5370.650,106505533.000,
2019-10-14,5411.650,5463.540,5402.630,5455.610,127453901.000,
2019-10-15,5429.940,5429.940,5367.140,5375.530,120133371.000,
2019-10-16,5377.750,5397.070,5350.150,5353.020,105111242.000,
2019-10-17,5354.410,5371.670,5331.730,5347.270,92051923.000,
2019-10-18,5350.640,5374.600,5267.930,5280.530,107176436.000,
2019-10-21,5273.640,5273.640,5200.930,5247.300,91111910.000,
2019-10-22,5252.190,5312.460,5249.960,5312.460,90350448.000,
2019-10-23,5311.770,5314.360,5257.770,5269.720,94464034.000,
2019-10-24,5262.920,5274.320,5220.550,5259.450,94722918.000,
2019-10-25,5254.370,5307.750,5227.890,5300.090,101229519.000,
2019-10-28,5343.500,5425.750,5343.440,5425.750,136224883.000,
2019-10-29,5434.310,5434.310,5366.750,5366.750,155004456.000,
2019-10-30,5349.080,5351.860,5301.640,5313.420,139966476.000,
2019-10-31,5310.660,5329.200,5252.170,5253.880,119979824.000,
2019-11-01,5234.750,5308.930,5227.110,5303.990,106994988.000,
2019-11-04,5316.600,5365.590,5316.600,5337.080,114489488.000,
2019-11-05,5341.170,5362.440,5306.050,5352.060,113885646.000,
2019-11-06,5348.450,5356.310,5286.440,5304.840,111174349.000,
2019-11-07,5300.670,5347.660,5294.200,5340.170,96695460.000,
2019-11-08,5361.270,5375.060,5318.770,5321.780,104093933.000,
2019-11-11,5289.630,5289.630,5175.620,5183.570,106907294.000,
2019-11-12,5183.480,5196.720,5123.300,5196.720,93959974.000,
2019-11-13,5188.880,5200.240,5160.330,5181.490,86654400.000,
2019-11-14,5180.310,5229.090,5177.110,5216.640,89584834.000,
2019-11-15,5208.370,5220.060,5152.560,5152.560,94729429.000,
2019-11-18,5147.030,5192.850,5139.960,5189.350,85671862.000,
2019-11-19,5192.680,5286.150,5187.770,5286.150,104374167.000,
2019-11-20,5281.850,5303.930,5251.080,5259.470,106261069.000,
2019-11-21,5238.600,5274.230,5228.260,5250.670,92923714.000,
2019-11-22,5255.430,5296.330,5157.550,5181.110,115747888.000,
2019-11-25,5179.150,5185.450,5107.510,5151.370,106053787.000,
2019-11-26,5154.920,5170.490,5131.540,5147.730,91068910.000,
2019-11-27,5138.060,5170.600,5121.320,5145.970,91864498.000,
2019-11-28,5142.380,5165.650,5120.550,5131.130,85094016.000,
2019-11-29,5130.280,5137.290,5082.770,5126.610,80181680.000,
2019-12-02,5131.890,5156.870,5124.550,5137.780,81777519.000,
2019-12-03,5119.750,5171.360,5097.080,5171.360,85738551.000,
2019-12-04,5148.410,5188.360,5140.390,5179.690,87626418.000,
2019-12-05,5190.080,5246.030,5187.910,5238.130,99451044.000,
2019-12-06,5241.090,5275.510,5226.260,5275.510,100390620.000,
2019-12-09,5286.200,5302.290,5269.180,5294.280,112320679.000,
2019-12-10,5286.040,5326.360,5272.200,5326.360,118208313.000,
2019-12-11,5323.860,5333.320,5291.250,5304.880,121161809.000,
2019-12-12,5302.720,5334.260,5292.470,5304.420,119402444.000,
2019-12-13,5334.580,5379.290,5327.120,5375.980,122084849.000,
2019-12-16,5391.470,5476.990,5387.550,5476.990,146872459.000,
2019-12-17,5479.900,5555.250,5475.430,5545.620,177542421.000,
2019-12-18,5546.280,5575.650,5529.820,5543.790,165702453.000,
2019-12-19,5544.660,5579.820,5534.510,5568.110,154136495.000,
2019-12-20,5571.630,5580.340,5501.160,5501.160,149777345.000,
2019-12-23,5478.570,5485.780,5375.020,5377.090,132183579.000,
2019-12-24,5388.210,5471.740,5386.970,5471.740,112811727.000,
2019-12-25,5467.750,5517.200,5461.380,5504.420,124681635.000,
2019-12-26,5503.290,5543.700,5497.900,5543.660,124445644.000,
2019-12-27,5548.350,5576.260,5494.970,5498.930,155515738.000,
2019-12-30,5478.000,5530.000,5413.870,5530.000,143411820.000,
2019-12-31,5524.430,5567.860,5520.010,5567.030,132870124.000,
2020-01-02,5603.930,5682.640,5586.140,5676.560,178712563.000,
2020-01-03,5685.080,5717.510,5667.740,5706.040,179006818.000,
2020-01-06,5686.160,5803.860,5670.340,5764.730,208487509.000,
2020-01-07,5772.670,5852.360,5772.670,5852.360,203440347.000,
2020-01-08,5827.380,5858.870,5759.330,5772.470,218974060.000,
2020-01-09,5815.740,5864.180,5815.740,5864.180,186388460.000,
2020-01-10,5879.210,5885.330,5824.650,5851.890,169185946.000,
2020-01-13,5844.960,5926.720,5822.420,5926.720,160728794.000,
2020-01-14,5939.900,5948.040,5911.690,5914.110,176822328.000,
2020-01-15,5903.760,5920.080,5859.110,5913.520,160084737.000,
2020-01-16,5917.230,5934.170,5892.730,5902.130,147953859.000,
2020-01-17,5913.790,5927.540,5869.170,5879.410,142819686.000,
2020-01-20,5880.130,5954.890,5862.140,5954.870,148360279.000,
2020-01-21,5952.000,5952.000,5901.000,5901.860,156332321.000,
2020-01-22,5867.220,5942.110,5784.680,5919.590,162728303.000,
2020-01-23,5852.200,5897.900,5643.840,5699.010,184762621.000,
2020-02-03,5180.590,5227.070,5179.260,5200.160,84416544.000,
2020-02-04,4923.190,5234.250,4923.190,5212.100,238201147.000,
2020-02-05,5242.330,5414.760,5242.330,5348.340,207940041.000,
2020-02-06,5353.190,5538.940,5326.210,5515.640,218481717.000,
2020-02-07,5535.130,5588.770,5472.870,5583.600,226928728.000,
2020-02-10,5586.950,5662.420,5567.050,5661.560,218068133.000,
2020-02-11,5656.520,5666.730,5590.890,5623.260,188157880.000,
2020-02-12,5605.930,5754.260,5602.300,5754.260,202279086.000,
2020-02-13,5758.920,5782.570,5690.010,5707.530,221916197.000,
2020-02-14,5696.100,5783.640,5677.790,5727.830,199679955.000,
2020-02-17,5766.550,5936.480,5766.550,5936.480,228914794.000,
2020-02-18,5948.650,6072.190,5940.620,6072.190,254099391.000,
2020-02-19,6058.690,6113.870,6018.050,6018.050,259320330.000,
2020-02-20,6032.400,6135.350,5979.050,6134.390,248953942.000,
2020-02-21,6141.790,6278.480,6136.080,6243.480,277767258.000,
2020-02-24,6254.320,6399.300,6236.090,6380.410,298299514.000,
2020-02-25,6233.520,6420.350,6096.150,6407.140,348239766.000,
2020-02-26,6315.330,6388.060,6200.260,6221.830,327093035.000,
2020-02-27,6254.390,6321.120,6135.950,6232.090,268029216.000,
2020-02-28,5999.210,6091.690,5870.910,5870.970,284615928.000,
2020-03-02,5946.830,6143.730,5931.040,6113.410,245865457.000,
2020-03-03,6225.960,6322.270,6132.710,6195.890,294093196.000,
2020-03-04,6146.770,6231.640,6101.050,6226.530,254454054.000,
2020-03-05,6312.430,6327.540,6248.980,6315.830,296079776.000,
2020-03-06,6236.260,6344.080,6225.710,6296.740,266263128.000,
2020-03-09,6198.200,6239.250,6049.620,6049.620,287184490.000,
2020-03-10,5965.360,6206.410,5902.390,6206.410,285396200.000,
2020-03-11,6219.930,6268.940,6122.910,6122.910,264576806.000,
2020-03-12,6026.060,6071.620,5938.930,5999.640,219646037.000,
2020-03-13,5681.590,5999.770,5681.590,5945.460,251191641.000,
2020-03-16,5999.540,6007.260,5638.390,5657.770,246604652.000,
2020-03-17,5707.420,5756.200,5436.600,5642.920,207157724.000,
2020-03-18,5702.170,5804.300,5556.110,5556.110,205114829.000,
2020-03-19,5552.510,5641.040,5453.040,5617.190,190815761.000,
2020-03-20,5676.970,5688.950,5574.620,5670.470,172744000.000,
2020-03-23,5514.930,5575.530,5398.950,5416.570,170338393.000,
2020-03-24,5522.180,5535.930,5344.420,5517.260,175452306.000,
2020-03-25,5632.410,5652.430,5589.960,5646.620,182114811.000,
2020-03-26,5606.630,5666.130,5582.930,5595.430,165999234.000,
2020-03-27,5659.590,5665.620,5550.540,5553.610,154391842.000,
2020-03-30,5472.150,5472.150,5362.800,5415.410,159550463.000,
2020-03-31,5465.370,5479.020,5414.310,5427.130,141809524.000,
2020-04-01,5413.550,5491.470,5391.540,5403.300,147263582.000,
2020-04-02,5376.660,5538.600,5367.570,5538.600,145938759.000,
2020-04-03,5525.770,5558.380,5482.060,5507.120,140577689.000,
2020-04-07,5605.270,5697.760,5599.820,5695.170,178924142.000,
2020-04-08,5673.340,5739.300,5661.950,5718.130,183301367.000,
2020-04-09,5750.890,5802.650,5740.030,5789.260,182524761.000,
2020-04-10,5787.540,5787.540,5619.700,5637.530,191472398.000,
2020-04-13,5590.320,5613.410,5542.570,5578.860,139328572.000,
2020-04-14,5605.910,5692.000,5599.910,5692.000,142344159.000,
2020-04-15,5689.730,5720.420,5655.220,5657.950,164401927.000,
2020-04-16,5626.840,5711.720,5617.050,5700.960,156294197.000,
2020-04-17,5735.900,5764.790,5702.010,5710.050,185552049.000,
2020-04-20,5722.730,5803.400,5714.320,5803.400,163679968.000,
2020-04-21,5780.860,5780.860,5711.170,5773.010,175001519.000,
2020-04-22,5721.530,5826.580,5710.810,5826.560,168439605.000,
2020-04-23,5841.400,5846.380,5789.100,5789.480,187886350.000,
2020-04-24,5782.290,5784.110,5654.220,5675.510,181572077.000,
2020-04-27,5675.560,5699.770,5617.520,5645.660,146874427.000,
2020-04-28,5641.290,5644.350,5395.570,5561.200,183952128.000,
2020-04-29,5533.000,5600.760,5524.870,5547.630,143724315.000,
2020-04-30,5572.570,5695.210,5572.570,5678.170,160186056.000,
2020-05-06,5636.870,5802.460,5632.030,5802.420,160515351.000,
2020-05-07,5809.540,5837.330,5787.610,5795.870,162316275.000,
2020-05-08,5825.740,5886.000,5822.810,5862.770,161392585.000,
2020-05-11,5892.570,5902.160,5813.670,5851.800,158065336.000,
2020-05-12,5847.700,5869.590,5780.090,5869.510,141835687.000,
2020-05-13,5849.460,5923.260,5835.330,5917.030,139578278.000,
2020-05-14,5889.140,5915.600,5861.780,5863.240,158974226.000,
2020-05-15,5886.780,5924.770,5859.900,5889.980,155187827.000,
2020-05-18,5905.920,5916.710,5841.720,5860.040,175785977.000,
2020-05-19,5896.150,5936.660,5886.900,5936.600,151779169.000,
2020-05-20,5928.470,5928.470,5844.580,5865.840,161717837.000,
2020-05-21,5878.720,5883.780,5780.110,5791.640,152293102.000,
2020-05-22,5782.620,5782.660,5643.400,5684.000,143844880.000,
2020-05-25,5674.300,5691.140,5640.280,5671.970,115873608.000,
2020-05-26,5690.400,5808.550,5690.400,5808.550,125079483.000,
2020-05-27,5813.980,5817.060,5758.180,5772.080,145944599.000,
2020-05-28,5769.790,5790.180,5675.490,5758.930,149011880.000,
2020-05-29,5744.230,5834.620,5732.380,5816.400,146234702.000,
2020-06-01,5855.330,5996.420,5855.330,5993.790,182804490.000,
2020-06-02,6012.570,6021.270,5978.770,6002.840,194954803.000,
2020-06-03,6010.410,6043.100,5987.570,5994.640,192954778.000,
2020-06-04,6004.460,6016.120,5973.200,6006.760,172027794.000,
2020-06-05,6009.880,6029.000,5970.150,6015.330,163123246.000,
2020-06-08,6039.250,6049.860,5993.170,6001.430,157469710.000,
2020-06-09,6005.840,6042.360,5979.230,6042.340,147305077.000,
2020-06-10,6033.490,6049.690,6007.980,6049.320,145670199.000,
2020-06-11,6050.120,6107.340,5999.510,6027.410,161281051.000,
2020-06-12,5901.070,6058.770,5888.230,6031.170,158717942.000,
2020-06-15,6031.090,6106.450,6028.940,6028.960,169084773.000,
2020-06-16,6076.600,6151.690,6064.260,6151.690,160014620.000,
2020-06-17,6160.200,6178.140,6124.220,6178.140,173539704.000,
2020-06-18,6168.050,6168.240,6121.070,6149.290,162112225.000,
2020-06-19,6147.880,6198.050,6140.520,6187.110,152205993.000,
2020-06-22,6204.500,6246.050,6204.500,6228.020,160944754.000,
2020-06-23,6229.650,6245.150,6196.690,6238.900,152363808.000,
2020-06-24,6242.560,6258.830,6210.970,6227.570,144540469.000,
2020-06-29,6214.880,6233.270,6190.410,6211.380,143407567.000,
2020-06-30,6239.610,6330.090,6236.640,6319.560,144583784.000,
2020-07-01,6341.540,6357.100,6267.140,6339.370,176108739.000,
2020-07-02,6341.950,6416.960,6316.960,6413.950,208171938.000,
2020-07-03,6424.090,6479.250,6397.510,6478.350,221048096.000,
2020-07-06,6516.920,6732.620,6516.920,6726.000,304890186.000,
2020-07-07,6784.820,6917.540,6711.310,6817.870,331205124.000,
2020-07-08,6817.830,6974.000,6769.210,6974.000,303883025.000,
2020-07-09,6976.720,7187.760,6972.000,7182.180,344438868.000,
2020-07-10,7161.620,7238.380,7105.760,7150.420,316909079.000,
2020-07-13,7179.970,7403.090,7179.970,7403.090,315544264.000,
2020-07-14,7412.270,7447.510,7201.490,7344.990,334328131.000,
2020-07-15,7355.560,7368.000,7096.580,7131.460,307301021.000,
2020-07-16,7130.040,7165.770,6748.500,6758.140,280755485.000,
2020-07-17,6759.100,6885.850,6690.450,6772.530,208176424.000,
2020-07-20,6851.320,7003.670,6789.310,7003.670,219450622.000,
2020-07-21,7026.980,7067.320,6977.470,7058.790,217536562.000,
2020-07-22,7050.400,7181.190,7020.550,7125.570,228498916.000,
2020-07-23,7068.400,7130.450,6921.190,7119.670,244783429.000,
2020-07-24,7098.510,7133.700,6766.510,6784.630,265481767.000,
2020-07-27,6807.980,6839.830,6717.320,6786.530,191464459.000,
2020-07-28,6835.560,6886.440,6796.820,6857.940,184867890.000,
2020-07-29,6843.840,7060.530,6816.310,7060.530,204312743.000,
2020-07-30,7082.720,7107.480,7029.020,7048.980,234198735.000,
2020-07-31,7030.310,7143.590,6997.630,7141.590,232331248.000,
2020-08-03,7204.170,7373.360,7193.070,7373.340,273951455.000,
2020-08-04,7398.990,7406.260,7296.120,7326.190,276232099.000,
2020-08-05,7340.550,7442.390,7284.670,7427.190,246411105.000,
2020-08-06,7425.550,7457.160,7309.360,7432.770,254526747.000,
2020-08-07,7407.680,7417.090,7209.940,7339.810,243946170.000,
2020-08-10,7319.540,7414.100,7288.750,7358.860,225892914.000,
2020-08-11,7358.730,7377.820,7203.790,7213.450,229927964.000,
2020-08-12,7176.890,7196.280,6932.300,7092.360,210726322.000,
2020-08-13,7112.340,7158.950,7076.780,7113.930,191269926.000,
2020-08-14,7103.070,7183.960,7058.540,7183.960,175757774.000,
2020-08-17,7206.380,7339.690,7194.120,7339.690,207192411.000,
2020-08-18,7348.420,7422.140,7339.890,7410.240,215555413.000,
2020-08-19,7397.880,7397.880,7248.890,7256.130,216784392.000,
2020-08-20,7196.350,7257.010,7126.040,7151.260,183396773.000,
2020-08-21,7182.300,7244.160,7137.050,7194.270,173774553.000,
2020-08-24,7212.530,7267.090,7119.940,7253.640,167551942.000,
2020-08-25,7258.010,7283.280,7188.170,7213.680,195115712.000,
2020-08-26,7209.510,7211.300,7010.080,7037.980,199859576.000,
2020-08-27,7041.520,7125.880,6998.030,7113.800,171559195.000,
2020-08-28,7102.270,7208.410,7083.130,7204.780,174713277.000,
2020-08-31,7238.660,7308.600,7221.550,7224.050,184766841.000,
2020-09-01,7216.650,7258.890,7169.400,7258.890,164072651.000,
2020-09-02,7270.950,7301.270,7197.210,7272.620,199255967.000,
2020-09-03,7263.600,7265.900,7165.770,7189.860,189863756.000,
2020-09-04,7064.280,7189.130,7045.550,7182.110,170637849.000,
2020-09-07,7189.970,7240.050,7027.920,7057.190,211259977.000,
2020-09-08,7070.680,7108.650,6981.570,7103.090,210910537.000,
2020-09-09,7023.300,7034.490,6871.770,6877.600,258714909.000,
2020-09-10,6921.460,6938.080,6615.560,6633.890,215057643.000,
2020-09-11,6592.900,6746.170,6591.310,6742.060,151139928.000,
2020-09-14,6781.700,6871.050,6762.240,6848.360,171065211.000,
2020-09-15,6861.030,6883.020,6818.220,6881.590,154497971.000,
2020-09-16,6871.070,6871.070,6777.430,6812.910,136829449.000,
2020-09-17,6800.350,6876.010,6746.220,6825.150,138963661.000,
2020-09-18,6822.970,6933.660,6811.900,6929.770,151994574.000,
2020-09-21,6951.750,6975.130,6912.040,6927.190,147689314.000,
2020-09-22,6862.340,6912.100,6793.680,6815.780,135534517.000,
2020-09-23,6839.470,6881.480,6805.130,6862.970,118540658.000,
2020-09-24,6814.010,6814.010,6675.060,6675.150,131268051.000,
2020-09-25,6703.620,6717.240,6604.670,6634.390,103410915.000,
2020-09-28,6649.180,6660.180,6550.000,6550.370,96264154.000,
2020-09-29,6585.180,6651.740,6562.820,6621.030,95051523.000,
2020-09-30,6641.380,6665.880,6584.890,6617.160,95018529.000,
2020-10-09,6737.530,6828.980,6727.390,6822.360,126973237.000,
2020-10-12,6881.630,7036.280,6875.700,7036.280,171267161.000,
2020-10-13,7023.440,7059.240,6989.670,7053.870,145584911.000,
2020-10-14,7036.870,7036.870,6975.190,6988.610,138335733.000,
2020-10-15,6991.740,6992.290,6924.190,6926.850,129563641.000,
2020-10-16,6924.810,6942.630,6846.170,6906.390,116392184.000,
2020-10-19,6943.800,6947.950,6843.000,6858.360,120084585.000,
2020-10-20,6846.360,6923.380,6804.840,6923.380,113726512.000,
2020-10-21,6926.530,6926.690,6793.490,6815.090,115787266.000,
2020-10-22,6788.000,6800.040,6714.150,6771.810,107660596.000,
2020-10-23,6774.770,6811.330,6627.700,6641.330,110708760.000,
2020-10-26,6620.190,6674.570,6545.790,6648.520,98661452.000,
2020-10-27,6630.720,6689.030,6620.090,6682.540,100707026.000,
2020-10-28,6680.440,6700.470,6589.770,6685.430,115349880.000,
2020-10-29,6592.890,6698.720,6573.700,6674.740,116175399.000,
2020-10-30,6685.590,6694.520,6502.120,6511.160,136545161.000,
2020-11-02,6517.420,6537.320,6461.710,6513.790,123187315.000,
2020-11-03,6538.280,6647.580,6518.660,6647.580,125339563.000,
2020-11-04,6652.580,6658.580,6585.800,6632.680,113033552.000,
2020-11-05,6685.200,6756.900,6665.810,6754.950,136534629.000,
2020-11-06,6771.180,6771.180,6645.570,6688.660,138608165.000,
2020-11-09,6723.430,6873.440,6723.430,6851.980,167674029.000,
2020-11-10,6854.700,6854.770,6747.740,6779.490,146370421.000,
2020-11-11,6761.350,6771.530,6659.280,6663.730,130925314.000,
2020-11-12,6680.200,6702.300,6647.770,6676.420,112641881.000,
2020-11-13,6663.220,6700.200,6621.500,6686.390,109345005.000,
2020-11-16,6703.180,6747.810,6668.420,6747.810,135652613.000,
2020-11-17,6743.870,6743.870,6637.520,6681.720,143321097.000,
2020-11-18,6673.600,6723.610,6653.650,6682.120,134446332.000,
2020-11-19,6664.830,6725.490,6625.090,6718.460,134931805.000,
2020-11-20,6713.650,6770.060,6701.490,6766.060,133167459.000,
2020-11-23,6776.240,6833.620,6738.650,6807.720,166030510.000,
2020-11-24,6798.830,6827.470,6785.250,6808.000,143456517.000,
2020-11-25,6816.230,6817.760,6691.870,6691.870,151667249.000,
2020-11-26,6678.140,6693.870,6597.770,6643.180,124948306.000,
2020-11-27,6639.600,6644.350,6578.720,6641.770,119054618.000,
2020-11-30,6642.150,6674.260,6591.690,6622.360,130805342.000,
2020-12-01,6608.620,6717.250,6600.730,6713.230,134546042.000,
2020-12-02,6712.890,6741.540,6699.750,6735.710,149384457.000,
2020-12-03,6726.260,6736.420,6679.520,6711.840,137204247.000,
2020-12-04,6700.690,6755.580,6688.630,6746.630,119005147.000,
2020-12-07,6760.100,6770.840,6731.680,6733.000,130050966.000,
2020-12-08,6735.230,6753.700,6720.600,6734.370,119558853.000,
2020-12-09,6734.120,6736.170,6602.520,6602.520,140747529.000,
2020-12-10,6576.060,6647.450,6552.110,6605.190,120849979.000,
2020-12-11,6610.550,6617.440,6441.290,6498.240,144586345.000,
2020-12-14,6493.650,6578.410,6459.920,6576.820,116492766.000,
2020-12-15,6565.500,6603.400,6548.790,6596.500,107134787.000,
2020-12-16,6597.310,6598.930,6538.970,6543.360,118561620.000,
2020-12-17,6530.660,6599.110,6460.630,6597.860,135780084.000,
2020-12-18,6604.030,6625.970,6564.180,6573.400,133704174.000,
2020-12-21,6576.710,6692.380,6571.590,6691.590,143601290.000,
2020-12-22,6668.210,6684.700,6545.840,6549.970,161411454.000,
2020-12-23,6552.270,6615.200,6551.070,6601.240,163014563.000,
2020-12-24,6591.790,6596.590,6484.410,6496.330,160886586.000,
2020-12-25,6466.350,6570.300,6454.280,6561.270,154563507.000,
2020-12-28,6561.770,6566.650,6484.440,6519.470,174273839.000,
2020-12-29,6514.910,6548.710,6473.400,6477.260,165003139.000,
2020-12-30,6469.890,6549.380,6465.390,6526.880,150299134.000,
2020-12-31,6536.860,6646.500,6536.860,6646.470,156307191.000,
2021-01-04,6671.930,6809.430,6662.800,6798.760,183204775.000,
2021-01-05,6785.520,6827.500,6726.460,6807.450,197247556.000,
2021-01-06,6803.690,6816.260,6686.130,6724.950,179080173.000,
2021-01-07,6708.720,6709.070,6557.270,6616.550,193680051.000,
2021-01-08,6603.510,6638.860,6514.180,6585.360,161815950.000,
2021-01-11,6579.640,6584.220,6437.030,6475.950,166706872.000,
2021-01-12,6453.010,6566.140,6433.220,6564.740,140365271.000,
2021-01-13,6567.600,6567.600,6471.780,6513.640,162127981.000,
2021-01-14,6488.750,6557.260,6414.740,6506.830,147196836.000,
2021-01-15,6496.910,6539.170,6435.460,6528.460,131954642.000,
2021-01-18,6515.580,6655.050,6511.000,6652.100,137393155.000,
2021-01-19,6647.950,6677.410,6602.780,6614.070,155029358.000,
2021-01-20,6606.730,6671.450,6584.880,6671.450,130748779.000,
2021-01-21,6670.180,6770.870,6669.410,6745.110,159360713.000,
2021-01-22,6736.010,6737.550,6671.290,6721.920,158667993.000,
2021-01-25,6710.800,6728.450,6631.690,6657.270,166133978.000,
2021-01-26,6630.360,6645.810,6525.380,6534.100,142066314.000,
2021-01-27,6519.450,6552.430,6449.370,6537.750,130789778.000,
